event_id,customer_token,event_ts,ingestion_ts,amount_lkr,is_reversal
RCH_00037,CUST_0012,2026-03-24T09:37:19+05:30,2026-03-24T14:39:47+05:30,200,0
RCH_01080,CUST_0001,2025-12-26T18:44:48+05:30,2025-12-26T20:09:22+05:30,100,0
RCH_00825,CUST_0079,2026-01-08T05:38:31+05:30,2026-01-08T09:04:04+05:30,50,0
RCH_00868,CUST_0095,2026-02-23T15:56:57+05:30,2026-02-23T21:09:09+05:30,100,0
RCH_01373,CUST_0001,2026-03-12T21:29:56+05:30,2026-03-18T14:20:38+05:30,50,0
RCH_00697,CUST_0033,2026-01-09T08:22:54+05:30,2026-01-09T13:38:43+05:30,1000,0
RCH_00725,CUST_0042,2026-01-07T13:35:48+05:30,2026-01-07T14:48:47+05:30,200,0
RCH_00485,CUST_0021,2026-02-09T20:25:10+05:30,2026-02-09T20:49:37+05:30,100,0
RCH_01333,CUST_0121,2026-02-17T00:52:01+05:30,2026-02-17T03:11:58+05:30,-100,1
RCH_00916,CUST_0111,2025-12-25T12:33:44+05:30,2025-12-25T15:46:02+05:30,200,0
RCH_00842,CUST_0086,2026-02-02T23:50:10+05:30,2026-02-03T04:24:09+05:30,50,0
RCH_00870,CUST_0096,2025-12-17T18:00:25+05:30,2025-12-17T19:09:32+05:30,200,0
RCH_00898,CUST_0104,2025-12-11T18:01:35+05:30,2025-12-11T20:51:55+05:30,1000,0
RCH_01249,CUST_0018,2026-03-18T01:30:42+05:30,2026-03-18T03:31:06+05:30,300,0
RCH_00861,CUST_0092,2026-01-15T15:10:11+05:30,2026-01-15T20:42:07+05:30,1000,0
RCH_00071,CUST_0018,2026-03-18T23:27:05+05:30,2026-03-19T01:23:36+05:30,200,0
RCH_00287,CUST_0089,2026-03-01T05:06:57+05:30,2026-03-01T10:50:01+05:30,200,0
RCH_00674,CUST_0027,2025-11-25T00:32:52+05:30,2025-11-25T01:04:54+05:30,200,0
RCH_00184,CUST_0053,2026-02-05T12:27:05+05:30,2026-02-05T13:37:49+05:30,200,0
RCH_00318,CUST_0098,2026-02-27T20:50:48+05:30,2026-02-28T01:54:52+05:30,100,0
RCH_00863,CUST_0092,2025-12-17T00:16:52+05:30,2025-12-17T02:51:11+05:30,300,0
RCH_01394,CUST_0117,2026-03-03T12:44:23+05:30,2026-03-06T08:04:14+05:30,300,0
RCH_00817,CUST_0077,2026-02-06T20:01:49+05:30,2026-02-06T21:07:21+05:30,200,0
RCH_01129,CUST_0024,2026-03-22T16:13:27+05:30,2026-03-22T20:50:51+05:30,300,0
RCH_00183,CUST_0052,2026-03-19T07:01:50+05:30,2026-03-19T10:55:21+05:30,200,0
RCH_00108,CUST_0030,2026-02-28T03:19:51+05:30,2026-02-28T08:49:46+05:30,500,0
RCH_01163,CUST_0057,2026-03-24T20:54:16+05:30,2026-03-25T02:05:37+05:30,200,0
RCH_00579,CUST_0033,2026-02-25T16:42:16+05:30,2026-02-25T21:15:30+05:30,1000,0
RCH_00476,CUST_0049,2026-02-11T13:00:16+05:30,2026-02-11T18:07:15+05:30,50,0
RCH_01191,CUST_0087,2026-03-09T02:01:30+05:30,2026-03-09T04:14:55+05:30,200,0
RCH_01351,CUST_0019,2026-03-25T21:32:29+05:30,2026-03-26T03:06:38+05:30,-50,1
RCH_00594,CUST_0055,2026-03-05T07:03:02+05:30,2026-03-05T12:32:39+05:30,200,0
RCH_01269,CUST_0017,2026-03-05T10:16:19+05:30,2026-03-05T10:30:17+05:30,300,0
RCH_00669,CUST_0026,2026-01-04T01:40:51+05:30,2026-01-04T06:01:32+05:30,100,0
RCH_01096,CUST_0026,2025-11-16T02:31:28+05:30,2025-11-16T02:53:20+05:30,500,0
RCH_00597,CUST_0051,2026-03-18T22:30:15+05:30,2026-03-18T22:55:54+05:30,200,0
RCH_01149,CUST_0044,2026-04-04T19:50:27+05:30,2026-04-04T21:41:42+05:30,100,0
RCH_00848,CUST_0089,2026-01-09T23:13:19+05:30,2026-01-10T04:12:04+05:30,200,0
RCH_01350,CUST_0014,2026-02-25T15:32:48+05:30,2026-02-25T19:04:43+05:30,-1000,1
RCH_00295,CUST_0092,2026-02-16T06:09:31+05:30,2026-02-16T06:59:33+05:30,200,0
RCH_00767,CUST_0060,2025-11-22T00:39:00+05:30,2025-11-22T02:29:20+05:30,300,0
RCH_01397,CUST_0120,2026-03-22T12:24:23+05:30,2026-03-27T01:40:17+05:30,200,0
RCH_00897,CUST_0103,2025-12-18T14:13:53+05:30,2025-12-18T15:28:08+05:30,200,0
RCH_01295,CUST_0003,2026-02-22T08:52:47+05:30,2026-02-22T12:36:46+05:30,-200,1
RCH_00981,CUST_0135,2026-01-08T10:33:44+05:30,2026-01-08T15:51:03+05:30,100,0
RCH_00838,CUST_0085,2026-01-14T18:16:10+05:30,2026-01-14T23:41:50+05:30,50,0
RCH_00246,CUST_0078,2026-03-02T09:21:51+05:30,2026-03-02T13:55:01+05:30,50,0
RCH_00290,CUST_0090,2026-02-18T01:25:10+05:30,2026-02-18T03:59:58+05:30,500,0
RCH_00309,CUST_0096,2026-03-22T11:44:21+05:30,2026-03-22T16:44:27+05:30,300,0
RCH_01094,CUST_0006,2025-11-26T00:24:23+05:30,2025-11-26T00:55:28+05:30,200,0
RCH_00979,CUST_0134,2025-11-23T23:46:13+05:30,2025-11-24T02:50:44+05:30,50,0
RCH_00962,CUST_0127,2025-12-15T18:00:20+05:30,2025-12-15T22:34:26+05:30,500,0
RCH_00280,CUST_0088,2026-02-12T14:14:23+05:30,2026-02-12T15:50:44+05:30,500,0
RCH_00747,CUST_0052,2026-01-09T12:52:57+05:30,2026-01-09T15:10:42+05:30,1000,0
RCH_01276,CUST_0029,2026-03-08T23:05:04+05:30,2026-03-09T01:48:47+05:30,200,0
RCH_00014,CUST_0005,2026-03-07T17:05:19+05:30,2026-03-07T19:30:27+05:30,500,0
RCH_00942,CUST_0122,2025-12-24T11:28:28+05:30,2025-12-24T13:57:51+05:30,300,0
RCH_00496,CUST_0017,2026-02-19T16:40:25+05:30,2026-02-19T20:03:08+05:30,500,0
RCH_00174,CUST_0048,2026-02-08T19:10:12+05:30,2026-02-08T23:36:58+05:30,100,0
RCH_01167,CUST_0061,2026-03-20T23:37:17+05:30,2026-03-21T03:36:40+05:30,1000,0
RCH_01251,CUST_0049,2026-03-16T05:49:28+05:30,2026-03-16T11:07:52+05:30,200,0
RCH_00752,CUST_0054,2026-01-08T03:10:13+05:30,2026-01-08T04:33:32+05:30,100,0
RCH_00372,CUST_0112,2026-02-23T12:35:54+05:30,2026-02-23T17:18:41+05:30,500,0
RCH_00652,CUST_0021,2025-12-26T04:33:02+05:30,2025-12-26T07:14:07+05:30,1000,0
RCH_00288,CUST_0089,2026-03-06T23:38:37+05:30,2026-03-07T00:25:47+05:30,500,0
RCH_00791,CUST_0068,2025-11-13T10:46:18+05:30,2025-11-13T12:31:17+05:30,300,0
RCH_00356,CUST_0109,2026-03-24T02:48:59+05:30,2026-03-24T05:45:18+05:30,100,0
RCH_00063,CUST_0017,2026-03-11T03:02:00+05:30,2026-03-11T05:30:15+05:30,1000,0
RCH_00775,CUST_0064,2026-01-26T14:45:28+05:30,2026-01-26T15:56:12+05:30,500,0
RCH_00086,CUST_0024,2026-02-05T16:11:18+05:30,2026-02-05T16:42:13+05:30,50,0
RCH_01330,CUST_0111,2026-02-15T19:40:04+05:30,2026-02-16T00:38:26+05:30,-200,1
RCH_00376,CUST_0113,2026-02-10T14:50:24+05:30,2026-02-10T18:31:36+05:30,200,0
RCH_00550,CUST_0006,2026-03-15T09:44:58+05:30,2026-03-15T11:19:53+05:30,200,0
RCH_00875,CUST_0097,2025-11-13T06:35:27+05:30,2025-11-13T09:11:46+05:30,200,0
RCH_00533,CUST_0042,2026-03-17T02:40:17+05:30,2026-03-17T04:42:58+05:30,100,0
RCH_00815,CUST_0076,2026-01-22T23:45:54+05:30,2026-01-23T05:27:35+05:30,50,0
RCH_01047,CUST_0042,2026-01-03T07:04:18+05:30,2026-01-03T08:43:44+05:30,500,0
RCH_00948,CUST_0123,2026-01-17T11:19:53+05:30,2026-01-17T15:02:20+05:30,500,0
RCH_00135,CUST_0038,2026-02-19T05:09:15+05:30,2026-02-19T10:06:13+05:30,500,0
RCH_00431,CUST_0130,2026-03-15T17:01:06+05:30,2026-03-15T19:51:51+05:30,500,0
RCH_00624,CUST_0008,2026-02-18T22:46:51+05:30,2026-02-19T00:46:21+05:30,100,0
RCH_00829,CUST_0080,2026-01-05T12:25:18+05:30,2026-01-05T15:29:00+05:30,100,0
RCH_01194,CUST_0091,2026-03-27T10:59:40+05:30,2026-03-27T14:06:17+05:30,100,0
RCH_00969,CUST_0131,2026-01-02T10:16:12+05:30,2026-01-02T12:16:29+05:30,1000,0
RCH_01057,CUST_0057,2025-11-28T16:20:40+05:30,2025-11-28T21:47:17+05:30,50,0
RCH_00515,CUST_0020,2026-03-07T11:59:27+05:30,2026-03-07T14:14:10+05:30,300,0
RCH_01139,CUST_0034,2026-04-02T10:06:55+05:30,2026-04-02T12:08:58+05:30,100,0
RCH_00298,CUST_0093,2026-03-01T02:07:22+05:30,2026-03-01T03:04:22+05:30,100,0
RCH_01023,CUST_0005,2025-12-25T22:32:52+05:30,2025-12-26T00:05:00+05:30,1000,0
RCH_00820,CUST_0078,2026-01-03T20:01:48+05:30,2026-01-04T02:00:44+05:30,100,0
RCH_01097,CUST_0026,2026-01-21T23:53:29+05:30,2026-01-22T02:39:37+05:30,500,0
RCH_01178,CUST_0072,2026-03-29T11:07:16+05:30,2026-03-29T12:03:40+05:30,200,0
RCH_00976,CUST_0133,2025-12-19T10:41:42+05:30,2025-12-19T13:15:32+05:30,100,0
RCH_00387,CUST_0116,2026-02-20T15:19:01+05:30,2026-02-20T19:26:50+05:30,500,0
RCH_01189,CUST_0085,2026-04-03T20:41:21+05:30,2026-04-04T02:06:46+05:30,200,0
RCH_01188,CUST_0083,2026-03-22T08:40:16+05:30,2026-03-22T13:43:35+05:30,100,0
RCH_01034,CUST_0020,2026-01-29T09:42:11+05:30,2026-01-29T14:18:30+05:30,100,0
RCH_00661,CUST_0024,2025-12-13T14:50:24+05:30,2025-12-13T17:20:20+05:30,100,0
RCH_00560,CUST_0003,2026-03-03T15:54:16+05:30,2026-03-03T19:29:47+05:30,500,0
RCH_00161,CUST_0045,2026-02-20T18:22:47+05:30,2026-02-20T20:27:37+05:30,500,0
RCH_00109,CUST_0031,2026-02-15T01:03:44+05:30,2026-02-15T02:19:24+05:30,200,0
RCH_00592,CUST_0055,2026-03-01T09:23:31+05:30,2026-03-01T14:30:10+05:30,300,0
RCH_00843,CUST_0086,2025-12-17T08:51:50+05:30,2025-12-17T13:21:31+05:30,500,0
RCH_00978,CUST_0134,2025-12-06T16:27:48+05:30,2025-12-06T18:16:22+05:30,100,0
RCH_00773,CUST_0062,2025-12-17T14:50:58+05:30,2025-12-17T19:43:07+05:30,100,0
RCH_01187,CUST_0082,2026-03-30T09:55:14+05:30,2026-03-30T12:30:42+05:30,1000,0
RCH_00024,CUST_0009,2026-02-28T00:36:57+05:30,2026-02-28T03:03:35+05:30,200,0
RCH_00781,CUST_0065,2026-02-16T15:42:29+05:30,2026-02-16T21:05:36+05:30,100,0
RCH_00590,CUST_0015,2026-02-13T07:43:02+05:30,2026-02-13T11:45:58+05:30,300,0
RCH_01434,CUST_0132,2026-02-04T11:00:36+05:30,2026-02-04T16:34:31+05:30,100,0
RCH_00758,CUST_0056,2026-01-19T22:50:41+05:30,2026-01-20T04:17:06+05:30,100,0
RCH_00491,CUST_0045,2026-02-10T17:28:50+05:30,2026-02-10T20:13:57+05:30,1000,0
RCH_00753,CUST_0055,2025-11-25T19:52:57+05:30,2025-11-25T22:12:11+05:30,100,0
RCH_01054,CUST_0057,2025-11-27T15:54:59+05:30,2025-11-27T17:17:57+05:30,1000,0
RCH_01172,CUST_0068,2026-03-23T08:10:34+05:30,2026-03-23T08:42:26+05:30,500,0
RCH_01073,CUST_0022,2026-02-08T06:05:17+05:30,2026-02-08T10:58:08+05:30,100,0
RCH_01430,CUST_0012,2026-03-08T18:38:17+05:30,2026-03-08T19:42:06+05:30,200,0
RCH_00417,CUST_0127,2026-03-12T10:28:16+05:30,2026-03-12T12:09:42+05:30,100,0
RCH_01016,CUST_0045,2026-01-06T05:15:28+05:30,2026-01-06T09:30:52+05:30,100,0
RCH_00330,CUST_0103,2026-03-22T16:40:04+05:30,2026-03-22T20:41:24+05:30,300,0
RCH_01223,CUST_0112,2026-03-13T11:56:35+05:30,2026-03-13T13:09:02+05:30,500,0
RCH_01185,CUST_0081,2026-04-12T20:38:26+05:30,2026-04-12T21:47:18+05:30,100,0
RCH_00058,CUST_0016,2026-02-28T11:50:23+05:30,2026-02-28T14:57:34+05:30,200,0
RCH_00585,CUST_0006,2026-02-09T08:11:43+05:30,2026-02-09T13:03:56+05:30,200,0
RCH_00236,CUST_0076,2026-03-07T16:19:40+05:30,2026-03-07T17:05:43+05:30,200,0
RCH_01314,CUST_0054,2026-03-06T09:25:51+05:30,2026-03-06T11:09:08+05:30,-300,1
RCH_00437,CUST_0132,2026-03-04T00:26:32+05:30,2026-03-04T04:51:20+05:30,200,0
RCH_00840,CUST_0085,2025-12-27T13:47:17+05:30,2025-12-27T16:31:03+05:30,500,0
RCH_00708,CUST_0037,2025-12-06T15:47:03+05:30,2025-12-06T20:28:31+05:30,100,0
RCH_00031,CUST_0010,2026-03-01T18:54:22+05:30,2026-03-01T20:56:21+05:30,300,0
RCH_00960,CUST_0127,2026-02-09T21:27:30+05:30,2026-02-09T23:05:04+05:30,200,0
RCH_00095,CUST_0028,2026-03-05T05:26:06+05:30,2026-03-05T10:05:37+05:30,200,0
RCH_00216,CUST_0066,2026-02-12T10:48:23+05:30,2026-02-12T12:32:56+05:30,1000,0
RCH_01289,CUST_0018,2026-04-13T18:02:14+05:30,2026-04-13T19:04:49+05:30,300,0
RCH_00506,CUST_0034,2026-03-06T02:39:38+05:30,2026-03-06T08:25:28+05:30,100,0
RCH_00455,CUST_0135,2026-03-24T01:45:20+05:30,2026-03-24T04:01:29+05:30,200,0
RCH_00157,CUST_0044,2026-02-22T06:06:49+05:30,2026-02-22T07:22:30+05:30,200,0
RCH_01130,CUST_0025,2026-03-14T23:14:30+05:30,2026-03-14T23:29:07+05:30,100,0
RCH_01369,CUST_0028,2026-03-15T13:21:01+05:30,2026-03-17T04:27:27+05:30,50,0
RCH_00598,CUST_0051,2026-03-11T15:36:31+05:30,2026-03-11T21:16:11+05:30,200,0
RCH_00438,CUST_0132,2026-03-01T11:21:22+05:30,2026-03-01T15:16:01+05:30,500,0
RCH_01151,CUST_0046,2026-03-09T15:59:14+05:30,2026-03-09T17:08:43+05:30,300,0
RCH_00554,CUST_0006,2026-03-19T01:12:45+05:30,2026-03-19T02:41:20+05:30,500,0
RCH_00649,CUST_0020,2025-11-21T22:29:42+05:30,2025-11-21T23:38:56+05:30,200,0
RCH_00367,CUST_0112,2026-02-28T09:15:32+05:30,2026-02-28T13:41:23+05:30,100,0
RCH_00492,CUST_0018,2026-02-04T00:20:39+05:30,2026-02-04T05:51:17+05:30,200,0
RCH_00500,CUST_0005,2026-03-09T05:10:55+05:30,2026-03-09T10:54:14+05:30,300,0
RCH_00347,CUST_0107,2026-03-13T20:49:15+05:30,2026-03-13T21:36:16+05:30,50,0
RCH_00816,CUST_0077,2026-01-14T20:27:19+05:30,2026-01-15T01:28:53+05:30,500,0
RCH_01121,CUST_0018,2026-04-04T11:50:06+05:30,2026-04-04T13:50:40+05:30,200,0
RCH_01409,CUST_0114,2026-03-02T15:17:56+05:30,2026-03-02T17:08:32+05:30,50,0
RCH_01406,CUST_0054,2026-03-21T13:01:45+05:30,2026-03-21T16:47:54+05:30,50,0
RCH_01060,CUST_0048,2026-01-01T02:54:08+05:30,2026-01-01T06:29:54+05:30,500,0
RCH_01086,CUST_0018,2026-02-14T17:59:07+05:30,2026-02-14T19:46:29+05:30,200,0
RCH_01377,CUST_0041,2026-03-19T19:30:26+05:30,2026-03-21T13:01:52+05:30,200,0
RCH_00722,CUST_0042,2026-01-20T01:44:03+05:30,2026-01-20T05:18:04+05:30,500,0
RCH_01375,CUST_0128,2026-03-11T15:22:27+05:30,2026-03-17T03:19:23+05:30,100,0
RCH_01230,CUST_0121,2026-03-29T19:29:04+05:30,2026-03-29T21:39:56+05:30,200,0
RCH_01365,CUST_0045,2026-03-11T11:08:15+05:30,2026-03-12T18:19:40+05:30,500,0
RCH_01341,CUST_0140,2026-03-13T18:32:53+05:30,2026-03-13T21:13:19+05:30,-200,1
RCH_01326,CUST_0094,2026-02-24T20:09:06+05:30,2026-02-24T21:25:35+05:30,-100,1
RCH_00977,CUST_0134,2025-12-24T07:05:20+05:30,2025-12-24T12:56:29+05:30,300,0
RCH_00170,CUST_0047,2026-02-10T11:11:04+05:30,2026-02-10T11:37:13+05:30,100,0
RCH_01458,CUST_0041,2026-02-25T12:59:29+05:30,2026-02-25T13:47:53+05:30,-50,0
RCH_01239,CUST_0132,2026-03-14T22:10:36+05:30,2026-03-15T00:09:28+05:30,200,0
RCH_01144,CUST_0037,2026-04-07T00:53:10+05:30,2026-04-07T05:47:35+05:30,50,0
RCH_00074,CUST_0019,2026-03-01T11:06:08+05:30,2026-03-01T15:02:27+05:30,200,0
RCH_00536,CUST_0054,2026-02-22T04:38:08+05:30,2026-02-22T07:16:36+05:30,100,0
RCH_00886,CUST_0101,2025-11-26T01:17:58+05:30,2025-11-26T02:12:28+05:30,200,0
RCH_00498,CUST_0005,2026-03-07T11:29:31+05:30,2026-03-07T14:39:51+05:30,500,0
RCH_00810,CUST_0075,2025-11-30T00:01:40+05:30,2025-11-30T02:14:42+05:30,500,0
RCH_00050,CUST_0014,2026-02-18T00:14:11+05:30,2026-02-18T03:03:49+05:30,300,0
RCH_00691,CUST_0031,2025-12-21T01:51:36+05:30,2025-12-21T03:30:42+05:30,200,0
RCH_01455,CUST_0123,2026-03-12T21:36:23+05:30,2026-03-12T21:53:08+05:30,-100,0
RCH_00862,CUST_0092,2025-12-05T08:51:43+05:30,2025-12-05T13:17:30+05:30,50,0
RCH_01104,CUST_0055,2025-12-12T01:39:30+05:30,2025-12-12T03:59:15+05:30,1000,0
RCH_00867,CUST_0095,2026-02-22T21:15:08+05:30,2026-02-22T23:58:04+05:30,100,0
RCH_00660,CUST_0024,2025-11-09T22:39:25+05:30,2025-11-10T00:56:42+05:30,200,0
RCH_01449,CUST_0020,2026-03-13T01:47:31+05:30,2026-03-13T04:39:41+05:30,0,0
RCH_00051,CUST_0014,2026-02-04T22:32:49+05:30,2026-02-05T01:21:24+05:30,100,0
RCH_00766,CUST_0059,2025-11-13T12:45:15+05:30,2025-11-13T17:59:45+05:30,200,0
RCH_01443,CUST_0096,2026-03-20T14:38:31+05:30,2026-03-20T16:42:15+05:30,0,0
RCH_01250,CUST_0018,2026-03-14T22:24:46+05:30,2026-03-14T23:13:37+05:30,1000,0
RCH_01087,CUST_0018,2025-12-16T21:13:55+05:30,2025-12-16T22:17:21+05:30,300,0
RCH_01069,CUST_0019,2026-02-24T00:19:08+05:30,2026-02-24T00:48:05+05:30,200,0
RCH_01148,CUST_0044,2026-04-05T19:56:30+05:30,2026-04-05T20:37:02+05:30,200,0
RCH_00532,CUST_0042,2026-03-01T20:24:20+05:30,2026-03-02T00:56:06+05:30,100,0
RCH_00650,CUST_0020,2026-02-10T00:28:49+05:30,2026-02-10T05:20:40+05:30,300,0
RCH_00354,CUST_0109,2026-03-24T13:51:39+05:30,2026-03-24T18:00:16+05:30,100,0
RCH_00551,CUST_0006,2026-03-14T15:49:36+05:30,2026-03-14T17:34:23+05:30,100,0
RCH_00239,CUST_0076,2026-03-09T04:31:15+05:30,2026-03-09T09:07:40+05:30,300,0
RCH_00908,CUST_0109,2026-01-04T03:52:55+05:30,2026-01-04T04:19:33+05:30,200,0
RCH_00763,CUST_0058,2026-01-25T05:57:43+05:30,2026-01-25T07:20:26+05:30,500,0
RCH_00171,CUST_0047,2026-02-27T07:25:21+05:30,2026-02-27T11:52:36+05:30,1000,0
RCH_00075,CUST_0019,2026-03-15T15:11:41+05:30,2026-03-15T16:45:23+05:30,200,0
RCH_00067,CUST_0017,2026-03-08T15:23:05+05:30,2026-03-08T20:05:26+05:30,50,0
RCH_00699,CUST_0033,2026-01-16T15:52:25+05:30,2026-01-16T16:49:59+05:30,50,0
RCH_00961,CUST_0127,2025-12-15T13:42:12+05:30,2025-12-15T17:49:32+05:30,1000,0
RCH_00792,CUST_0069,2025-12-27T20:24:42+05:30,2025-12-27T23:46:00+05:30,1000,0
RCH_00857,CUST_0091,2025-12-08T04:10:21+05:30,2025-12-08T09:20:28+05:30,200,0
RCH_00933,CUST_0118,2025-11-20T04:31:23+05:30,2025-11-20T07:34:48+05:30,500,0
RCH_00217,CUST_0066,2026-02-13T09:37:29+05:30,2026-02-13T13:48:07+05:30,1000,0
RCH_00469,CUST_0140,2026-02-27T14:34:38+05:30,2026-02-27T16:05:47+05:30,200,0
RCH_00676,CUST_0027,2025-12-23T04:30:10+05:30,2025-12-23T05:24:06+05:30,100,0
RCH_01426,CUST_0089,2026-03-06T23:38:37+05:30,2026-03-07T00:25:47+05:30,500,0
RCH_00362,CUST_0111,2026-02-06T15:29:19+05:30,2026-02-06T19:49:38+05:30,100,0
RCH_01258,CUST_0005,2026-03-17T17:55:49+05:30,2026-03-17T21:49:28+05:30,100,0
RCH_00154,CUST_0043,2026-03-18T15:04:39+05:30,2026-03-18T18:48:06+05:30,500,0
RCH_00790,CUST_0068,2025-12-22T21:23:48+05:30,2025-12-22T23:57:49+05:30,1000,0
RCH_00974,CUST_0132,2025-11-06T02:33:53+05:30,2025-11-06T03:46:17+05:30,200,0
RCH_01122,CUST_0018,2026-03-26T02:42:19+05:30,2026-03-26T03:44:19+05:30,100,0
RCH_00112,CUST_0032,2026-02-17T06:58:22+05:30,2026-02-17T09:26:40+05:30,100,0
RCH_01074,CUST_0057,2025-12-29T18:44:50+05:30,2025-12-29T19:33:39+05:30,500,0
RCH_00639,CUST_0016,2026-01-11T01:50:21+05:30,2026-01-11T02:16:43+05:30,500,0
RCH_00938,CUST_0120,2025-12-26T13:30:14+05:30,2025-12-26T17:22:21+05:30,100,0
RCH_01360,CUST_0019,2026-03-26T19:35:00+05:30,2026-03-31T09:52:52+05:30,100,0
RCH_00414,CUST_0126,2026-03-14T20:07:37+05:30,2026-03-14T21:10:01+05:30,50,0
RCH_00593,CUST_0055,2026-02-10T02:57:01+05:30,2026-02-10T03:43:01+05:30,200,0
RCH_01169,CUST_0067,2026-03-30T00:20:33+05:30,2026-03-30T02:00:43+05:30,500,0
RCH_00272,CUST_0085,2026-03-04T19:42:00+05:30,2026-03-04T22:35:27+05:30,50,0
RCH_01084,CUST_0018,2026-01-07T11:44:53+05:30,2026-01-07T15:52:42+05:30,100,0
RCH_00151,CUST_0041,2026-03-12T07:56:11+05:30,2026-03-12T11:09:32+05:30,100,0
RCH_01431,CUST_0050,2026-03-06T07:53:30+05:30,2026-03-06T11:37:56+05:30,200,0
RCH_00879,CUST_0098,2025-11-13T12:31:41+05:30,2025-11-13T17:21:06+05:30,1000,0
RCH_01058,CUST_0004,2026-01-17T10:33:26+05:30,2026-01-17T12:48:50+05:30,100,0
RCH_01208,CUST_0102,2026-03-04T22:19:52+05:30,2026-03-04T22:48:56+05:30,1000,0
RCH_00625,CUST_0009,2026-01-28T11:18:15+05:30,2026-01-28T14:13:20+05:30,300,0
RCH_01252,CUST_0049,2026-03-12T04:15:21+05:30,2026-03-12T06:33:27+05:30,300,0
RCH_01282,CUST_0057,2026-03-18T06:56:54+05:30,2026-03-18T11:12:58+05:30,100,0
RCH_00484,CUST_0021,2026-02-06T13:56:34+05:30,2026-02-06T17:45:32+05:30,1000,0
RCH_00643,CUST_0019,2026-01-01T02:07:06+05:30,2026-01-01T04:38:47+05:30,50,0
RCH_00922,CUST_0113,2026-01-04T17:32:11+05:30,2026-01-04T22:26:16+05:30,500,0
RCH_00092,CUST_0027,2026-02-08T07:33:36+05:30,2026-02-08T13:28:22+05:30,500,0
RCH_00425,CUST_0130,2026-03-15T12:32:13+05:30,2026-03-15T14:51:36+05:30,300,0
RCH_00839,CUST_0085,2026-02-18T08:43:38+05:30,2026-02-18T12:11:44+05:30,500,0
RCH_00300,CUST_0094,2026-02-27T20:31:19+05:30,2026-02-27T21:34:13+05:30,500,0
RCH_01352,CUST_0003,2026-02-27T15:42:12+05:30,2026-02-27T17:18:14+05:30,-100,1
RCH_00090,CUST_0027,2026-02-27T07:32:43+05:30,2026-02-27T11:31:47+05:30,1000,0
RCH_00163,CUST_0046,2026-02-27T10:44:27+05:30,2026-02-27T12:23:11+05:30,500,0
RCH_00685,CUST_0030,2025-11-30T02:57:18+05:30,2025-11-30T07:04:16+05:30,200,0
RCH_01014,CUST_0045,2025-12-15T03:36:27+05:30,2025-12-15T09:03:00+05:30,200,0
RCH_00077,CUST_0019,2026-03-27T22:32:08+05:30,2026-03-27T23:51:42+05:30,500,0
RCH_00665,CUST_0025,2026-01-17T03:20:37+05:30,2026-01-17T06:12:03+05:30,1000,0
RCH_00181,CUST_0052,2026-03-13T18:31:55+05:30,2026-03-13T22:18:14+05:30,200,0
RCH_00549,CUST_0006,2026-02-28T13:48:31+05:30,2026-02-28T17:58:44+05:30,300,0
RCH_01244,CUST_0139,2026-03-27T12:41:44+05:30,2026-03-27T13:16:01+05:30,100,0
RCH_01098,CUST_0026,2025-11-23T13:52:02+05:30,2025-11-23T18:55:15+05:30,300,0
RCH_00720,CUST_0041,2026-01-26T09:25:34+05:30,2026-01-26T12:56:35+05:30,300,0
RCH_00972,CUST_0131,2026-02-04T08:48:39+05:30,2026-02-04T14:26:34+05:30,200,0
RCH_00185,CUST_0053,2026-02-28T09:10:57+05:30,2026-02-28T12:27:39+05:30,300,0
RCH_01012,CUST_0021,2025-12-10T04:14:45+05:30,2025-12-10T06:02:28+05:30,100,0
RCH_00771,CUST_0062,2026-02-12T11:40:43+05:30,2026-02-12T16:22:03+05:30,500,0
RCH_00959,CUST_0127,2026-01-15T08:00:40+05:30,2026-01-15T08:15:49+05:30,100,0
RCH_00223,CUST_0068,2026-02-25T20:27:39+05:30,2026-02-26T01:36:07+05:30,1000,0
RCH_01077,CUST_0057,2025-12-25T09:01:15+05:30,2025-12-25T12:46:31+05:30,1000,0
RCH_00435,CUST_0132,2026-02-04T11:00:36+05:30,2026-02-04T16:34:31+05:30,100,0
RCH_00005,CUST_0001,2026-02-28T04:44:15+05:30,2026-02-28T09:39:09+05:30,50,0
RCH_00637,CUST_0016,2026-01-03T21:18:07+05:30,2026-01-03T23:38:22+05:30,1000,0
RCH_01120,CUST_0017,2026-03-28T07:43:28+05:30,2026-03-28T08:20:45+05:30,100,0
RCH_00428,CUST_0130,2026-03-11T02:30:15+05:30,2026-03-11T05:05:33+05:30,100,0
RCH_00197,CUST_0061,2026-02-23T15:32:03+05:30,2026-02-23T18:46:05+05:30,1000,0
RCH_00172,CUST_0047,2026-02-27T09:01:15+05:30,2026-02-27T13:34:58+05:30,500,0
RCH_00689,CUST_0031,2026-01-25T22:46:04+05:30,2026-01-26T02:10:56+05:30,200,0
RCH_01313,CUST_0048,2026-02-26T22:51:03+05:30,2026-02-27T00:36:39+05:30,-200,1
RCH_00782,CUST_0065,2025-12-04T18:17:12+05:30,2025-12-04T19:11:08+05:30,500,0
RCH_00991,CUST_0139,2026-01-06T03:24:19+05:30,2026-01-06T06:50:45+05:30,500,0
RCH_00447,CUST_0134,2026-02-19T21:24:10+05:30,2026-02-19T22:46:34+05:30,100,0
RCH_01222,CUST_0112,2026-03-16T08:41:22+05:30,2026-03-16T13:38:13+05:30,500,0
RCH_01378,CUST_0015,2026-03-09T22:29:39+05:30,2026-03-10T15:27:04+05:30,300,0
RCH_00202,CUST_0062,2026-02-21T20:51:03+05:30,2026-02-22T01:35:14+05:30,500,0
RCH_00749,CUST_0052,2026-01-09T15:22:38+05:30,2026-01-09T16:09:22+05:30,300,0
RCH_00317,CUST_0098,2026-02-24T09:20:16+05:30,2026-02-24T13:33:22+05:30,1000,0
RCH_00357,CUST_0109,2026-03-08T04:17:47+05:30,2026-03-08T06:58:23+05:30,50,0
RCH_00392,CUST_0117,2026-02-07T22:40:59+05:30,2026-02-08T01:54:36+05:30,500,0
RCH_00501,CUST_0005,2026-02-25T15:52:08+05:30,2026-02-25T18:55:08+05:30,200,0
RCH_01215,CUST_0107,2026-04-06T08:26:27+05:30,2026-04-06T13:09:49+05:30,300,0
RCH_00096,CUST_0028,2026-02-20T06:42:22+05:30,2026-02-20T09:24:51+05:30,50,0
RCH_00137,CUST_0039,2026-03-19T12:39:24+05:30,2026-03-19T15:43:53+05:30,500,0
RCH_01416,CUST_0130,2026-03-15T17:01:06+05:30,2026-03-15T19:51:51+05:30,500,0
RCH_00411,CUST_0122,2026-03-13T11:19:40+05:30,2026-03-13T12:53:29+05:30,200,0
RCH_00361,CUST_0110,2026-03-01T00:08:41+05:30,2026-03-01T01:25:54+05:30,50,0
RCH_00143,CUST_0040,2026-03-13T02:29:28+05:30,2026-03-13T02:47:48+05:30,300,0
RCH_00519,CUST_0019,2026-02-27T05:49:35+05:30,2026-02-27T08:33:11+05:30,500,0
RCH_00018,CUST_0006,2026-03-05T04:07:10+05:30,2026-03-05T04:40:17+05:30,200,0
RCH_00292,CUST_0091,2026-02-26T23:40:38+05:30,2026-02-27T03:26:18+05:30,50,0
RCH_00250,CUST_0080,2026-02-28T04:07:19+05:30,2026-02-28T09:45:50+05:30,200,0
RCH_00544,CUST_0057,2026-02-13T09:14:49+05:30,2026-02-13T12:44:09+05:30,1000,0
RCH_00023,CUST_0008,2026-03-23T02:34:24+05:30,2026-03-23T03:13:01+05:30,1000,0
RCH_00511,CUST_0034,2026-02-28T14:33:09+05:30,2026-02-28T15:21:07+05:30,500,0
RCH_00985,CUST_0137,2026-01-29T12:49:24+05:30,2026-01-29T14:53:05+05:30,500,0
RCH_00220,CUST_0067,2026-03-10T03:18:29+05:30,2026-03-10T04:52:39+05:30,200,0
RCH_00399,CUST_0120,2026-03-15T13:39:46+05:30,2026-03-15T16:52:33+05:30,50,0
RCH_01291,CUST_0006,2026-03-24T10:30:34+05:30,2026-03-24T11:36:59+05:30,1000,0
RCH_00558,CUST_0003,2026-03-14T12:57:21+05:30,2026-03-14T16:39:03+05:30,500,0
RCH_00876,CUST_0097,2025-12-05T01:11:12+05:30,2025-12-05T03:57:09+05:30,500,0
RCH_00696,CUST_0033,2025-11-19T06:04:33+05:30,2025-11-19T10:17:41+05:30,500,0
RCH_01021,CUST_0017,2025-11-20T18:15:30+05:30,2025-11-20T19:05:59+05:30,200,0
RCH_00271,CUST_0084,2026-03-14T07:50:50+05:30,2026-03-14T13:20:00+05:30,200,0
RCH_01200,CUST_0094,2026-04-09T12:12:30+05:30,2026-04-09T15:08:43+05:30,500,0
RCH_00672,CUST_0026,2026-01-04T15:03:31+05:30,2026-01-04T20:52:22+05:30,200,0
RCH_00849,CUST_0089,2025-12-18T02:44:08+05:30,2025-12-18T05:44:08+05:30,50,0
RCH_01353,CUST_0018,2026-02-25T10:29:58+05:30,2026-02-25T16:27:23+05:30,-50,1
RCH_01079,CUST_0001,2026-01-19T17:11:21+05:30,2026-01-19T19:41:30+05:30,50,0
RCH_00034,CUST_0010,2026-02-13T10:47:50+05:30,2026-02-13T12:40:41+05:30,300,0
RCH_00777,CUST_0064,2025-11-17T19:16:24+05:30,2025-11-18T01:09:19+05:30,50,0
RCH_00742,CUST_0049,2025-12-20T06:45:05+05:30,2025-12-20T11:49:37+05:30,300,0
RCH_01311,CUST_0035,2026-03-12T16:33:32+05:30,2026-03-12T18:58:55+05:30,-50,1
RCH_00483,CUST_0059,2026-02-17T23:25:24+05:30,2026-02-18T04:45:10+05:30,50,0
RCH_01440,CUST_0029,2026-03-03T22:58:58+05:30,2026-03-04T01:43:55+05:30,-50,0
RCH_00507,CUST_0034,2026-02-28T11:56:17+05:30,2026-02-28T16:00:50+05:30,100,0
RCH_00941,CUST_0121,2026-01-21T17:28:38+05:30,2026-01-21T20:32:04+05:30,50,0
RCH_01273,CUST_0004,2026-03-16T18:23:53+05:30,2026-03-16T19:05:56+05:30,100,0
RCH_01363,CUST_0063,2026-03-15T03:57:51+05:30,2026-03-19T00:18:34+05:30,100,0
RCH_00111,CUST_0032,2026-02-07T01:18:16+05:30,2026-02-07T04:10:37+05:30,100,0
RCH_00041,CUST_0013,2026-03-01T13:37:38+05:30,2026-03-01T19:16:59+05:30,1000,0
RCH_00153,CUST_0043,2026-03-24T03:11:30+05:30,2026-03-24T08:51:41+05:30,500,0
RCH_00470,CUST_0140,2026-03-11T03:54:12+05:30,2026-03-11T07:25:33+05:30,500,0
RCH_00029,CUST_0009,2026-03-17T14:27:22+05:30,2026-03-17T15:34:43+05:30,500,0
RCH_00952,CUST_0125,2025-12-18T03:42:13+05:30,2025-12-18T06:28:03+05:30,1000,0
RCH_00899,CUST_0105,2025-11-26T13:34:00+05:30,2025-11-26T17:13:16+05:30,500,0
RCH_01030,CUST_0034,2025-11-30T08:05:25+05:30,2025-11-30T13:51:58+05:30,300,0
RCH_00695,CUST_0032,2025-12-08T06:30:39+05:30,2025-12-08T10:27:00+05:30,500,0
RCH_01078,CUST_0057,2026-02-06T10:50:59+05:30,2026-02-06T11:21:51+05:30,1000,0
RCH_00256,CUST_0081,2026-03-24T11:17:48+05:30,2026-03-24T13:01:23+05:30,1000,0
RCH_01059,CUST_0004,2026-01-26T21:47:41+05:30,2026-01-27T03:05:05+05:30,200,0
RCH_00827,CUST_0079,2026-01-03T10:59:42+05:30,2026-01-03T14:21:14+05:30,300,0
RCH_00787,CUST_0067,2025-12-01T00:48:50+05:30,2025-12-01T06:39:06+05:30,200,0
RCH_01342,CUST_0008,2026-02-23T17:26:53+05:30,2026-02-23T17:41:58+05:30,-500,1
RCH_00900,CUST_0106,2026-02-12T12:08:49+05:30,2026-02-12T15:19:28+05:30,100,0
RCH_00129,CUST_0037,2026-03-23T14:57:31+05:30,2026-03-23T18:38:30+05:30,200,0
RCH_01184,CUST_0075,2026-03-25T12:29:34+05:30,2026-03-25T13:22:20+05:30,200,0
RCH_00377,CUST_0114,2026-02-25T16:31:27+05:30,2026-02-25T18:09:06+05:30,500,0
RCH_01218,CUST_0110,2026-04-05T12:55:20+05:30,2026-04-05T13:19:33+05:30,100,0
RCH_01051,CUST_0014,2025-11-29T05:18:41+05:30,2025-11-29T10:23:28+05:30,100,0
RCH_01354,CUST_0055,2026-03-06T09:20:31+05:30,2026-03-06T10:01:07+05:30,-300,1
RCH_00482,CUST_0059,2026-02-18T22:24:37+05:30,2026-02-19T04:02:40+05:30,50,0
RCH_01179,CUST_0072,2026-03-26T23:38:47+05:30,2026-03-27T04:56:39+05:30,100,0
RCH_00956,CUST_0126,2026-01-24T17:15:03+05:30,2026-01-24T22:36:44+05:30,500,0
RCH_00656,CUST_0022,2025-12-01T00:41:43+05:30,2025-12-01T03:41:01+05:30,100,0
RCH_01157,CUST_0053,2026-03-07T11:21:27+05:30,2026-03-07T16:15:56+05:30,500,0
RCH_00873,CUST_0096,2026-02-08T09:17:21+05:30,2026-02-08T14:48:46+05:30,200,0
RCH_00575,CUST_0018,2026-02-25T16:15:43+05:30,2026-02-25T19:23:24+05:30,200,0
RCH_00681,CUST_0029,2026-02-16T06:21:21+05:30,2026-02-16T08:43:10+05:30,1000,0
RCH_00645,CUST_0019,2025-12-24T10:00:25+05:30,2025-12-24T10:13:23+05:30,1000,0
RCH_00398,CUST_0120,2026-03-02T14:32:56+05:30,2026-03-02T15:39:17+05:30,50,0
RCH_00943,CUST_0122,2025-12-10T01:06:33+05:30,2025-12-10T03:39:55+05:30,100,0
RCH_00736,CUST_0046,2026-01-21T03:31:58+05:30,2026-01-21T08:44:24+05:30,50,0
RCH_01372,CUST_0043,2026-03-25T17:08:03+05:30,2026-03-29T10:40:10+05:30,100,0
RCH_00730,CUST_0044,2025-11-22T00:43:52+05:30,2025-11-22T04:25:01+05:30,100,0
RCH_00036,CUST_0010,2026-03-01T07:07:41+05:30,2026-03-01T09:48:38+05:30,200,0
RCH_00116,CUST_0033,2026-02-25T20:41:55+05:30,2026-02-25T22:06:25+05:30,500,0
RCH_00999,CUST_0018,2025-11-09T11:34:10+05:30,2025-11-09T12:43:54+05:30,100,0
RCH_01013,CUST_0021,2025-11-26T00:15:16+05:30,2025-11-26T03:57:45+05:30,1000,0
RCH_00935,CUST_0119,2025-11-27T02:35:22+05:30,2025-11-27T07:37:04+05:30,100,0
RCH_00687,CUST_0030,2025-12-07T21:12:09+05:30,2025-12-08T00:46:28+05:30,100,0
RCH_00947,CUST_0123,2025-12-01T02:15:56+05:30,2025-12-01T07:33:33+05:30,500,0
RCH_00965,CUST_0129,2025-11-12T13:59:14+05:30,2025-11-12T16:17:09+05:30,500,0
RCH_01392,CUST_0019,2026-03-27T17:30:32+05:30,2026-03-31T15:40:42+05:30,200,0
RCH_00339,CUST_0106,2026-02-25T03:12:06+05:30,2026-02-25T08:32:18+05:30,1000,0
RCH_00573,CUST_0001,2026-03-12T17:55:33+05:30,2026-03-12T20:10:22+05:30,500,0
RCH_00191,CUST_0054,2026-03-21T13:01:45+05:30,2026-03-21T16:47:54+05:30,50,0
RCH_00213,CUST_0065,2026-03-01T22:06:04+05:30,2026-03-02T00:59:58+05:30,500,0
RCH_00583,CUST_0006,2026-02-13T09:02:05+05:30,2026-02-13T10:34:40+05:30,200,0
RCH_00641,CUST_0018,2025-11-22T11:30:28+05:30,2025-11-22T15:12:11+05:30,100,0
RCH_01417,CUST_0135,2026-03-23T12:24:11+05:30,2026-03-23T14:58:42+05:30,500,0
RCH_00114,CUST_0032,2026-02-18T04:12:21+05:30,2026-02-18T07:33:52+05:30,100,0
RCH_00811,CUST_0075,2025-12-25T13:03:38+05:30,2025-12-25T19:03:25+05:30,100,0
RCH_00440,CUST_0133,2026-03-08T23:31:03+05:30,2026-03-09T04:32:41+05:30,1000,0
RCH_00568,CUST_0057,2026-03-06T01:36:42+05:30,2026-03-06T04:20:17+05:30,200,0
RCH_00350,CUST_0108,2026-03-20T01:43:43+05:30,2026-03-20T02:07:37+05:30,50,0
RCH_01399,CUST_0058,2026-03-17T04:41:45+05:30,2026-03-19T10:47:03+05:30,1000,0
RCH_00514,CUST_0020,2026-03-04T19:38:55+05:30,2026-03-04T22:28:19+05:30,500,0
RCH_00373,CUST_0113,2026-02-11T23:39:16+05:30,2026-02-12T03:08:31+05:30,200,0
RCH_01367,CUST_0111,2026-02-26T10:08:32+05:30,2026-03-03T03:42:17+05:30,50,0
RCH_00397,CUST_0120,2026-03-14T17:11:12+05:30,2026-03-14T18:00:07+05:30,500,0
RCH_00011,CUST_0004,2026-03-23T01:45:06+05:30,2026-03-23T05:00:08+05:30,500,0
RCH_01366,CUST_0006,2026-03-07T05:53:35+05:30,2026-03-09T11:59:10+05:30,100,0
RCH_01221,CUST_0112,2026-03-12T19:59:51+05:30,2026-03-12T20:48:56+05:30,100,0
RCH_01025,CUST_0001,2026-01-25T22:50:24+05:30,2026-01-26T00:02:37+05:30,1000,0
RCH_01070,CUST_0003,2025-12-13T15:10:42+05:30,2025-12-13T15:38:06+05:30,1000,0
RCH_01159,CUST_0054,2026-04-08T22:39:46+05:30,2026-04-09T00:27:05+05:30,500,0
RCH_01009,CUST_0021,2026-01-22T13:21:18+05:30,2026-01-22T15:11:39+05:30,50,0
RCH_01371,CUST_0110,2026-03-20T15:12:04+05:30,2026-03-23T21:30:54+05:30,300,0
RCH_00364,CUST_0111,2026-02-08T13:02:51+05:30,2026-02-08T15:55:07+05:30,200,0
RCH_00212,CUST_0065,2026-03-02T19:02:55+05:30,2026-03-02T19:17:07+05:30,500,0
RCH_00009,CUST_0004,2026-03-11T10:20:00+05:30,2026-03-11T10:33:09+05:30,100,0
RCH_01237,CUST_0132,2026-03-09T17:53:24+05:30,2026-03-09T18:57:48+05:30,200,0
RCH_01274,CUST_0019,2026-04-08T20:53:36+05:30,2026-04-09T00:47:52+05:30,1000,0
RCH_00718,CUST_0041,2026-01-13T13:56:05+05:30,2026-01-13T18:36:52+05:30,100,0
RCH_00693,CUST_0032,2025-12-20T03:08:04+05:30,2025-12-20T06:08:29+05:30,50,0
RCH_00072,CUST_0018,2026-03-10T12:28:54+05:30,2026-03-10T13:58:43+05:30,50,0
RCH_01103,CUST_0055,2026-02-02T17:18:12+05:30,2026-02-02T22:26:29+05:30,500,0
RCH_00944,CUST_0122,2026-02-01T05:12:11+05:30,2026-02-01T09:18:01+05:30,300,0
RCH_00245,CUST_0078,2026-03-05T20:18:57+05:30,2026-03-05T20:31:24+05:30,200,0
RCH_00302,CUST_0094,2026-03-04T16:34:20+05:30,2026-03-04T21:17:43+05:30,500,0
RCH_00865,CUST_0094,2025-12-19T16:25:42+05:30,2025-12-19T21:16:57+05:30,500,0
RCH_00240,CUST_0076,2026-02-16T01:38:00+05:30,2026-02-16T05:19:30+05:30,500,0
RCH_00229,CUST_0070,2026-03-17T09:32:00+05:30,2026-03-17T10:33:22+05:30,50,0
RCH_00663,CUST_0024,2025-12-15T02:30:49+05:30,2025-12-15T03:21:53+05:30,200,0
RCH_01329,CUST_0109,2026-02-28T04:55:33+05:30,2026-02-28T09:47:54+05:30,-50,1
RCH_00463,CUST_0138,2026-02-24T06:12:27+05:30,2026-02-24T10:41:32+05:30,200,0
RCH_00912,CUST_0110,2025-12-02T10:26:29+05:30,2025-12-02T10:43:45+05:30,50,0
RCH_00814,CUST_0076,2025-12-09T20:22:32+05:30,2025-12-09T21:27:35+05:30,500,0
RCH_00545,CUST_0004,2026-02-18T14:29:01+05:30,2026-02-18T17:04:05+05:30,100,0
RCH_00080,CUST_0021,2026-03-02T08:48:33+05:30,2026-03-02T11:18:29+05:30,50,0
RCH_00837,CUST_0084,2025-12-09T10:35:40+05:30,2025-12-09T12:59:42+05:30,1000,0
RCH_00880,CUST_0098,2025-11-27T08:22:51+05:30,2025-11-27T10:22:35+05:30,200,0
RCH_00044,CUST_0013,2026-03-14T02:29:25+05:30,2026-03-14T07:58:46+05:30,1000,0
RCH_00574,CUST_0001,2026-03-06T08:51:33+05:30,2026-03-06T14:37:04+05:30,200,0
RCH_00371,CUST_0112,2026-02-26T20:32:59+05:30,2026-02-27T00:29:25+05:30,500,0
RCH_00793,CUST_0070,2025-12-25T06:23:11+05:30,2025-12-25T12:17:02+05:30,200,0
RCH_00286,CUST_0089,2026-03-21T01:56:06+05:30,2026-03-21T05:17:12+05:30,100,0
RCH_00064,CUST_0017,2026-02-14T01:35:52+05:30,2026-02-14T07:26:12+05:30,200,0
RCH_00692,CUST_0032,2026-01-31T06:15:07+05:30,2026-01-31T08:26:15+05:30,100,0
RCH_00980,CUST_0134,2025-11-27T12:51:42+05:30,2025-11-27T15:04:33+05:30,100,0
RCH_00176,CUST_0049,2026-02-08T04:12:59+05:30,2026-02-08T09:43:46+05:30,100,0
RCH_00854,CUST_0090,2026-01-25T20:03:44+05:30,2026-01-25T22:29:16+05:30,200,0
RCH_00444,CUST_0133,2026-02-16T04:27:36+05:30,2026-02-16T05:48:03+05:30,100,0
RCH_00495,CUST_0017,2026-02-14T03:26:08+05:30,2026-02-14T04:48:09+05:30,300,0
RCH_00098,CUST_0029,2026-03-24T07:57:17+05:30,2026-03-24T10:16:02+05:30,500,0
RCH_00546,CUST_0004,2026-03-03T04:14:11+05:30,2026-03-03T07:26:36+05:30,1000,0
RCH_00262,CUST_0082,2026-03-01T03:08:51+05:30,2026-03-01T04:04:43+05:30,500,0
RCH_00081,CUST_0021,2026-02-17T15:05:49+05:30,2026-02-17T19:35:03+05:30,1000,0
RCH_00604,CUST_0002,2026-01-12T23:24:00+05:30,2026-01-13T04:54:15+05:30,100,0
RCH_00394,CUST_0118,2026-02-27T18:50:20+05:30,2026-02-27T23:42:46+05:30,200,0
RCH_00465,CUST_0140,2026-03-05T04:49:00+05:30,2026-03-05T05:33:41+05:30,100,0
RCH_00527,CUST_0042,2026-02-22T08:09:36+05:30,2026-02-22T12:17:01+05:30,1000,0
RCH_00634,CUST_0015,2026-01-21T22:09:22+05:30,2026-01-22T02:03:25+05:30,100,0
RCH_00053,CUST_0015,2026-02-21T23:11:41+05:30,2026-02-22T01:14:48+05:30,300,0
RCH_00203,CUST_0062,2026-02-23T14:50:32+05:30,2026-02-23T20:39:06+05:30,50,0
RCH_00534,CUST_0054,2026-03-05T04:43:21+05:30,2026-03-05T05:33:48+05:30,200,0
RCH_00831,CUST_0081,2026-01-03T17:17:09+05:30,2026-01-03T19:38:28+05:30,50,0
RCH_00918,CUST_0112,2026-01-16T21:08:59+05:30,2026-01-17T00:48:08+05:30,1000,0
RCH_00784,CUST_0066,2025-12-03T12:04:06+05:30,2025-12-03T13:07:35+05:30,1000,0
RCH_00924,CUST_0113,2025-11-12T11:42:13+05:30,2025-11-12T14:17:35+05:30,500,0
RCH_00291,CUST_0090,2026-02-27T04:32:09+05:30,2026-02-27T08:42:18+05:30,500,0
RCH_00780,CUST_0065,2025-12-31T19:02:08+05:30,2025-12-31T23:17:11+05:30,50,0
RCH_00632,CUST_0014,2026-01-27T09:09:03+05:30,2026-01-27T13:41:10+05:30,50,0
RCH_00454,CUST_0135,2026-03-15T17:28:25+05:30,2026-03-15T23:04:48+05:30,1000,0
RCH_00046,CUST_0013,2026-03-20T01:49:23+05:30,2026-03-20T03:30:23+05:30,200,0
RCH_00319,CUST_0098,2026-02-13T21:48:28+05:30,2026-02-13T23:32:31+05:30,200,0
RCH_01287,CUST_0018,2026-04-09T03:05:54+05:30,2026-04-09T07:13:59+05:30,500,0
RCH_00523,CUST_0016,2026-03-06T06:47:42+05:30,2026-03-06T09:52:46+05:30,1000,0
RCH_00798,CUST_0071,2025-12-13T01:37:49+05:30,2025-12-13T06:03:52+05:30,200,0
RCH_00408,CUST_0122,2026-03-03T15:25:43+05:30,2026-03-03T16:09:01+05:30,300,0
RCH_00327,CUST_0100,2026-03-07T06:58:51+05:30,2026-03-07T07:26:49+05:30,300,0
RCH_00638,CUST_0016,2025-11-11T12:38:53+05:30,2025-11-11T17:42:27+05:30,200,0
RCH_00874,CUST_0097,2026-01-27T22:12:33+05:30,2026-01-27T22:57:41+05:30,100,0
RCH_00882,CUST_0099,2025-12-30T11:29:29+05:30,2025-12-30T11:52:57+05:30,500,0
RCH_01019,CUST_0017,2025-12-19T14:22:02+05:30,2025-12-19T20:14:08+05:30,1000,0
RCH_00167,CUST_0046,2026-02-11T23:13:00+05:30,2026-02-12T04:07:04+05:30,500,0
RCH_00778,CUST_0065,2026-01-31T01:47:12+05:30,2026-01-31T06:34:52+05:30,50,0
RCH_00110,CUST_0031,2026-02-18T03:08:25+05:30,2026-02-18T07:49:21+05:30,200,0
RCH_00061,CUST_0016,2026-02-07T07:33:36+05:30,2026-02-07T12:49:22+05:30,50,0
RCH_00379,CUST_0114,2026-03-02T15:17:56+05:30,2026-03-02T17:08:32+05:30,50,0
RCH_00609,CUST_0003,2025-12-26T18:42:46+05:30,2025-12-26T21:52:54+05:30,100,0
RCH_00864,CUST_0093,2026-01-11T03:41:32+05:30,2026-01-11T08:30:34+05:30,200,0
RCH_00715,CUST_0039,2026-01-03T19:36:35+05:30,2026-01-04T00:59:46+05:30,200,0
RCH_00603,CUST_0001,2025-11-19T08:33:15+05:30,2025-11-19T12:42:15+05:30,50,0
RCH_01041,CUST_0017,2025-11-03T21:16:20+05:30,2025-11-03T23:14:44+05:30,50,0
RCH_00198,CUST_0061,2026-02-25T23:25:27+05:30,2026-02-26T03:00:33+05:30,100,0
RCH_00852,CUST_0089,2026-01-21T20:59:44+05:30,2026-01-21T22:17:57+05:30,50,0
RCH_01453,CUST_0001,2026-03-10T10:35:41+05:30,2026-03-10T14:28:12+05:30,-100,0
RCH_00881,CUST_0099,2025-12-16T11:38:57+05:30,2025-12-16T13:05:37+05:30,200,0
RCH_00359,CUST_0110,2026-02-25T00:30:55+05:30,2026-02-25T01:27:48+05:30,50,0
RCH_00186,CUST_0053,2026-02-03T10:42:21+05:30,2026-02-03T13:32:00+05:30,1000,0
RCH_00765,CUST_0059,2025-11-03T00:07:09+05:30,2025-11-03T04:54:21+05:30,500,0
RCH_01143,CUST_0036,2026-04-01T19:22:16+05:30,2026-04-01T22:19:33+05:30,200,0
RCH_01240,CUST_0134,2026-03-16T09:42:41+05:30,2026-03-16T14:48:21+05:30,300,0
RCH_00705,CUST_0036,2026-01-12T09:00:02+05:30,2026-01-12T09:34:07+05:30,200,0
RCH_00366,CUST_0111,2026-02-28T23:45:52+05:30,2026-03-01T00:02:59+05:30,100,0
RCH_01206,CUST_0101,2026-03-15T16:52:42+05:30,2026-03-15T21:33:07+05:30,200,0
RCH_00404,CUST_0121,2026-03-03T12:11:34+05:30,2026-03-03T12:33:08+05:30,50,0
RCH_00301,CUST_0094,2026-03-10T00:12:28+05:30,2026-03-10T02:06:54+05:30,1000,0
RCH_01063,CUST_0048,2025-12-08T22:38:35+05:30,2025-12-09T01:34:00+05:30,500,0
RCH_01062,CUST_0048,2025-11-26T01:11:55+05:30,2025-11-26T02:22:43+05:30,200,0
RCH_00926,CUST_0115,2026-01-21T00:35:22+05:30,2026-01-21T02:47:11+05:30,100,0
RCH_01204,CUST_0097,2026-03-13T12:36:58+05:30,2026-03-13T16:58:48+05:30,500,0
RCH_00931,CUST_0118,2025-11-16T09:59:47+05:30,2025-11-16T14:45:32+05:30,100,0
RCH_00888,CUST_0101,2026-02-01T07:10:36+05:30,2026-02-01T10:13:06+05:30,50,0
RCH_00231,CUST_0071,2026-02-22T00:23:31+05:30,2026-02-22T00:58:24+05:30,300,0
RCH_01114,CUST_0010,2026-03-23T10:23:41+05:30,2026-03-23T14:47:06+05:30,1000,0
RCH_01033,CUST_0017,2026-01-14T19:16:59+05:30,2026-01-14T23:03:15+05:30,100,0
RCH_01307,CUST_0023,2026-03-15T23:48:01+05:30,2026-03-16T05:39:11+05:30,-100,1
RCH_00027,CUST_0009,2026-03-20T22:58:53+05:30,2026-03-20T23:50:05+05:30,300,0
RCH_01072,CUST_0029,2026-01-15T20:31:54+05:30,2026-01-15T20:50:14+05:30,100,0
RCH_00233,CUST_0072,2026-02-16T00:48:20+05:30,2026-02-16T05:23:21+05:30,500,0
RCH_00127,CUST_0036,2026-02-20T12:32:34+05:30,2026-02-20T14:05:00+05:30,500,0
RCH_00065,CUST_0017,2026-02-16T04:28:41+05:30,2026-02-16T05:58:34+05:30,100,0
RCH_00043,CUST_0013,2026-03-15T02:54:06+05:30,2026-03-15T07:28:02+05:30,200,0
RCH_00503,CUST_0059,2026-02-25T23:43:32+05:30,2026-02-26T03:26:23+05:30,300,0
RCH_00710,CUST_0038,2025-11-26T14:33:09+05:30,2025-11-26T20:11:48+05:30,100,0
RCH_00466,CUST_0140,2026-03-14T03:39:53+05:30,2026-03-14T04:34:42+05:30,500,0
RCH_01317,CUST_0065,2026-03-01T07:23:36+05:30,2026-03-01T08:11:25+05:30,-200,1
RCH_01245,CUST_0139,2026-03-26T20:53:35+05:30,2026-03-26T21:14:38+05:30,50,0
RCH_00386,CUST_0115,2026-02-10T22:06:09+05:30,2026-02-10T23:27:54+05:30,200,0
RCH_00648,CUST_0020,2026-01-02T08:23:19+05:30,2026-01-02T12:27:07+05:30,100,0
RCH_00858,CUST_0091,2026-01-21T09:46:28+05:30,2026-01-21T10:44:19+05:30,200,0
RCH_00653,CUST_0021,2025-11-21T07:23:43+05:30,2025-11-21T12:36:53+05:30,500,0
RCH_00083,CUST_0023,2026-03-16T03:49:29+05:30,2026-03-16T05:18:33+05:30,200,0
RCH_00760,CUST_0057,2026-02-03T03:05:51+05:30,2026-02-03T06:34:11+05:30,500,0
RCH_00451,CUST_0135,2026-03-22T06:11:58+05:30,2026-03-22T10:15:33+05:30,200,0
RCH_00206,CUST_0063,2026-03-16T16:59:45+05:30,2026-03-16T20:16:43+05:30,500,0
RCH_00703,CUST_0035,2026-01-26T00:14:10+05:30,2026-01-26T01:52:44+05:30,50,0
RCH_00906,CUST_0108,2026-02-12T06:23:59+05:30,2026-02-12T09:28:38+05:30,1000,0
RCH_01278,CUST_0022,2026-04-03T13:10:35+05:30,2026-04-03T16:18:10+05:30,100,0
RCH_00670,CUST_0026,2025-12-28T07:16:36+05:30,2025-12-28T13:02:49+05:30,1000,0
RCH_00913,CUST_0110,2026-01-07T05:33:28+05:30,2026-01-07T10:20:45+05:30,200,0
RCH_00277,CUST_0088,2026-02-14T00:31:16+05:30,2026-02-14T04:35:42+05:30,200,0
RCH_00418,CUST_0127,2026-03-10T22:33:44+05:30,2026-03-11T00:57:51+05:30,500,0
RCH_00800,CUST_0072,2025-12-03T05:40:00+05:30,2025-12-03T11:08:10+05:30,50,0
RCH_00808,CUST_0074,2026-02-17T18:44:00+05:30,2026-02-17T23:33:28+05:30,200,0
RCH_00966,CUST_0129,2025-11-14T08:46:03+05:30,2025-11-14T13:39:29+05:30,50,0
RCH_01145,CUST_0040,2026-03-30T12:01:30+05:30,2026-03-30T15:07:09+05:30,100,0
RCH_01347,CUST_0020,2026-03-14T20:43:03+05:30,2026-03-14T21:14:00+05:30,-500,1
RCH_01134,CUST_0027,2026-03-23T14:26:15+05:30,2026-03-23T19:54:53+05:30,500,0
RCH_00007,CUST_0001,2026-03-14T08:39:21+05:30,2026-03-14T09:05:55+05:30,300,0
RCH_00314,CUST_0097,2026-03-03T06:17:33+05:30,2026-03-03T09:06:50+05:30,100,0
RCH_01228,CUST_0117,2026-03-24T10:20:29+05:30,2026-03-24T13:23:22+05:30,1000,0
RCH_00552,CUST_0006,2026-02-22T10:40:48+05:30,2026-02-22T16:22:36+05:30,100,0
RCH_00021,CUST_0008,2026-03-02T11:43:25+05:30,2026-03-02T15:06:29+05:30,200,0
RCH_01359,CUST_0079,2026-03-01T22:18:02+05:30,2026-03-02T23:54:10+05:30,50,0
RCH_00156,CUST_0043,2026-03-09T01:58:33+05:30,2026-03-09T07:08:39+05:30,500,0
RCH_00745,CUST_0050,2026-02-07T11:11:46+05:30,2026-02-07T14:59:04+05:30,500,0
RCH_00716,CUST_0039,2025-11-20T22:46:32+05:30,2025-11-20T23:51:01+05:30,200,0
RCH_01085,CUST_0018,2025-12-19T18:06:44+05:30,2025-12-19T23:14:26+05:30,100,0
RCH_01199,CUST_0092,2026-03-09T16:27:52+05:30,2026-03-09T20:46:11+05:30,500,0
RCH_01242,CUST_0136,2026-03-26T19:27:36+05:30,2026-03-27T00:32:50+05:30,500,0
RCH_01140,CUST_0035,2026-03-27T19:32:17+05:30,2026-03-28T01:13:33+05:30,100,0
RCH_01137,CUST_0028,2026-03-18T04:21:14+05:30,2026-03-18T07:30:28+05:30,500,0
RCH_01298,CUST_0006,2026-02-13T13:45:13+05:30,2026-02-13T14:04:47+05:30,-200,1
RCH_00322,CUST_0100,2026-02-28T16:03:10+05:30,2026-02-28T17:12:27+05:30,50,0
RCH_00190,CUST_0054,2026-03-17T17:28:11+05:30,2026-03-17T22:06:17+05:30,500,0
RCH_00133,CUST_0038,2026-03-13T23:44:39+05:30,2026-03-14T01:54:58+05:30,50,0
RCH_00336,CUST_0105,2026-02-16T07:37:32+05:30,2026-02-16T12:25:08+05:30,300,0
RCH_00535,CUST_0054,2026-02-28T00:02:58+05:30,2026-02-28T05:00:31+05:30,1000,0
RCH_00449,CUST_0134,2026-02-21T18:44:27+05:30,2026-02-21T20:57:25+05:30,200,0
RCH_00187,CUST_0053,2026-02-14T18:13:09+05:30,2026-02-14T23:32:17+05:30,100,0
RCH_00994,CUST_0140,2026-01-20T13:27:09+05:30,2026-01-20T18:07:36+05:30,50,0
RCH_00265,CUST_0083,2026-02-12T21:34:18+05:30,2026-02-13T03:25:31+05:30,300,0
RCH_00056,CUST_0015,2026-02-16T09:36:37+05:30,2026-02-16T11:01:42+05:30,200,0
RCH_00002,CUST_0001,2026-03-15T13:42:02+05:30,2026-03-15T18:44:43+05:30,1000,0
RCH_00950,CUST_0124,2026-01-04T02:43:27+05:30,2026-01-04T05:37:36+05:30,50,0
RCH_01379,CUST_0073,2026-03-08T13:31:24+05:30,2026-03-10T00:56:28+05:30,300,0
RCH_01205,CUST_0097,2026-03-21T09:20:24+05:30,2026-03-21T14:46:14+05:30,200,0
RCH_01153,CUST_0048,2026-03-23T19:13:03+05:30,2026-03-23T20:38:55+05:30,200,0
RCH_00124,CUST_0035,2026-03-08T10:00:34+05:30,2026-03-08T12:30:23+05:30,200,0
RCH_00499,CUST_0005,2026-02-13T13:28:50+05:30,2026-02-13T15:58:48+05:30,300,0
RCH_01410,CUST_0062,2026-02-21T20:51:03+05:30,2026-02-22T01:35:14+05:30,500,0
RCH_00744,CUST_0050,2026-02-14T06:47:57+05:30,2026-02-14T12:41:28+05:30,300,0
RCH_00845,CUST_0086,2025-12-27T17:46:24+05:30,2025-12-27T22:26:06+05:30,500,0
RCH_00125,CUST_0036,2026-02-27T08:31:05+05:30,2026-02-27T09:18:05+05:30,500,0
RCH_00042,CUST_0013,2026-03-22T08:53:27+05:30,2026-03-22T09:33:29+05:30,500,0
RCH_00311,CUST_0096,2026-03-05T14:37:33+05:30,2026-03-05T14:54:46+05:30,50,0
RCH_00138,CUST_0039,2026-03-18T14:17:30+05:30,2026-03-18T15:04:47+05:30,500,0
RCH_00389,CUST_0116,2026-02-15T05:23:20+05:30,2026-02-15T08:15:19+05:30,100,0
RCH_01271,CUST_0042,2026-04-09T10:39:38+05:30,2026-04-09T12:01:56+05:30,100,0
RCH_01010,CUST_0021,2025-11-28T13:09:49+05:30,2025-11-28T18:07:31+05:30,500,0
RCH_01418,CUST_0092,2026-02-11T12:44:09+05:30,2026-02-11T18:23:15+05:30,1000,0
RCH_00335,CUST_0104,2026-02-16T02:51:16+05:30,2026-02-16T08:07:03+05:30,300,0
RCH_00982,CUST_0135,2026-01-26T22:49:55+05:30,2026-01-27T02:03:03+05:30,200,0
RCH_01056,CUST_0057,2025-12-11T12:40:46+05:30,2025-12-11T18:00:51+05:30,500,0
RCH_00407,CUST_0122,2026-02-27T01:18:42+05:30,2026-02-27T05:13:22+05:30,100,0
RCH_00803,CUST_0072,2025-12-30T20:53:19+05:30,2025-12-31T00:50:36+05:30,500,0
RCH_01039,CUST_0018,2026-01-14T16:20:25+05:30,2026-01-14T18:57:51+05:30,1000,0
RCH_00126,CUST_0036,2026-02-17T08:30:19+05:30,2026-02-17T09:17:56+05:30,500,0
RCH_01007,CUST_0059,2025-12-15T10:33:29+05:30,2025-12-15T14:41:58+05:30,100,0
RCH_00678,CUST_0028,2025-12-25T11:03:40+05:30,2025-12-25T16:34:57+05:30,300,0
RCH_00278,CUST_0088,2026-02-18T21:31:53+05:30,2026-02-19T01:27:09+05:30,500,0
RCH_01257,CUST_0005,2026-03-31T21:24:10+05:30,2026-04-01T03:21:32+05:30,500,0
RCH_00020,CUST_0008,2026-03-17T23:27:41+05:30,2026-03-18T02:21:58+05:30,100,0
RCH_00380,CUST_0114,2026-03-16T21:01:22+05:30,2026-03-16T22:46:39+05:30,100,0
RCH_00818,CUST_0077,2026-01-15T09:31:02+05:30,2026-01-15T11:49:58+05:30,1000,0
RCH_00851,CUST_0089,2025-11-22T13:37:44+05:30,2025-11-22T18:34:00+05:30,100,0
RCH_00723,CUST_0042,2026-01-04T05:01:41+05:30,2026-01-04T09:43:11+05:30,500,0
RCH_00786,CUST_0067,2025-11-21T18:32:09+05:30,2025-11-21T19:11:03+05:30,200,0
RCH_00158,CUST_0044,2026-03-17T07:51:58+05:30,2026-03-17T13:30:35+05:30,100,0
RCH_01331,CUST_0113,2026-02-15T04:25:59+05:30,2026-02-15T07:50:49+05:30,-500,1
RCH_01302,CUST_0013,2026-03-13T20:53:25+05:30,2026-03-14T01:19:35+05:30,-500,1
RCH_00953,CUST_0125,2025-12-08T17:23:03+05:30,2025-12-08T18:17:03+05:30,50,0
RCH_01413,CUST_0013,2026-03-24T14:25:17+05:30,2026-03-24T17:21:37+05:30,300,0
RCH_00623,CUST_0008,2026-02-23T10:08:37+05:30,2026-02-23T11:58:22+05:30,200,0
RCH_01177,CUST_0071,2026-04-02T20:32:31+05:30,2026-04-02T22:05:25+05:30,300,0
RCH_00146,CUST_0040,2026-03-12T19:41:16+05:30,2026-03-13T00:38:45+05:30,500,0
RCH_00748,CUST_0052,2025-12-06T13:41:58+05:30,2025-12-06T14:39:51+05:30,50,0
RCH_01108,CUST_0001,2026-03-30T04:27:36+05:30,2026-03-30T05:55:29+05:30,50,0
RCH_00232,CUST_0072,2026-02-17T20:30:42+05:30,2026-02-18T01:27:54+05:30,100,0
RCH_00391,CUST_0117,2026-02-22T05:04:35+05:30,2026-02-22T08:17:55+05:30,200,0
RCH_00836,CUST_0083,2025-12-06T01:17:49+05:30,2025-12-06T03:24:28+05:30,100,0
RCH_01403,CUST_0107,2026-03-23T05:59:33+05:30,2026-03-23T07:14:38+05:30,50,0
RCH_00169,CUST_0047,2026-02-27T00:45:42+05:30,2026-02-27T03:31:30+05:30,1000,0
RCH_00698,CUST_0033,2026-02-06T14:37:52+05:30,2026-02-06T16:44:27+05:30,200,0
RCH_01076,CUST_0057,2025-12-25T21:15:30+05:30,2025-12-26T02:13:19+05:30,1000,0
RCH_00062,CUST_0016,2026-02-28T10:52:27+05:30,2026-02-28T13:32:25+05:30,500,0
RCH_00329,CUST_0103,2026-03-04T10:04:07+05:30,2026-03-04T13:53:43+05:30,300,0
RCH_00152,CUST_0042,2026-02-24T12:53:16+05:30,2026-02-24T17:27:31+05:30,200,0
RCH_00015,CUST_0005,2026-02-23T12:11:36+05:30,2026-02-23T14:03:35+05:30,50,0
RCH_00751,CUST_0053,2025-11-09T13:34:48+05:30,2025-11-09T17:24:10+05:30,100,0
RCH_00630,CUST_0013,2025-12-17T18:23:14+05:30,2025-12-17T20:27:14+05:30,300,0
RCH_00547,CUST_0048,2026-03-12T16:34:17+05:30,2026-03-12T17:12:47+05:30,1000,0
RCH_01100,CUST_0015,2026-01-31T13:43:56+05:30,2026-01-31T15:16:15+05:30,300,0
RCH_00828,CUST_0079,2026-01-07T23:45:25+05:30,2026-01-08T01:29:47+05:30,500,0
RCH_00770,CUST_0061,2026-01-13T20:56:48+05:30,2026-01-13T21:26:57+05:30,200,0
RCH_01412,CUST_0005,2026-02-13T13:28:50+05:30,2026-02-13T15:58:48+05:30,300,0
RCH_01050,CUST_0014,2025-12-02T13:18:48+05:30,2025-12-02T17:43:21+05:30,100,0
RCH_00472,CUST_0008,2026-02-19T21:33:20+05:30,2026-02-20T01:13:06+05:30,1000,0
RCH_00734,CUST_0045,2026-01-21T15:31:45+05:30,2026-01-21T17:37:27+05:30,50,0
RCH_00030,CUST_0009,2026-03-09T04:16:51+05:30,2026-03-09T06:49:56+05:30,100,0
RCH_00580,CUST_0033,2026-02-26T16:38:47+05:30,2026-02-26T21:47:13+05:30,500,0
RCH_00869,CUST_0096,2026-01-08T02:45:18+05:30,2026-01-08T03:02:14+05:30,1000,0
RCH_00728,CUST_0043,2026-01-16T04:17:52+05:30,2026-01-16T09:40:34+05:30,200,0
RCH_00241,CUST_0076,2026-02-13T15:52:22+05:30,2026-02-13T19:39:31+05:30,50,0
RCH_01006,CUST_0059,2026-01-02T21:32:04+05:30,2026-01-03T00:04:33+05:30,200,0
RCH_01053,CUST_0014,2026-01-06T18:07:05+05:30,2026-01-06T18:22:16+05:30,100,0
RCH_00340,CUST_0106,2026-03-01T11:43:12+05:30,2026-03-01T14:13:53+05:30,100,0
RCH_01334,CUST_0123,2026-03-09T15:17:48+05:30,2026-03-09T21:06:15+05:30,-500,1
RCH_00304,CUST_0095,2026-03-10T16:19:06+05:30,2026-03-10T22:13:09+05:30,100,0
RCH_00106,CUST_0030,2026-03-22T13:39:36+05:30,2026-03-22T15:12:59+05:30,500,0
RCH_00891,CUST_0102,2025-11-24T09:16:30+05:30,2025-11-24T10:38:34+05:30,500,0
RCH_00480,CUST_0059,2026-02-28T23:59:13+05:30,2026-03-01T03:06:52+05:30,50,0
RCH_00591,CUST_0055,2026-03-07T22:18:58+05:30,2026-03-08T02:35:53+05:30,500,0
RCH_00360,CUST_0110,2026-03-14T10:17:20+05:30,2026-03-14T13:47:20+05:30,500,0
RCH_00939,CUST_0120,2025-11-28T16:22:53+05:30,2025-11-28T21:08:55+05:30,200,0
RCH_00486,CUST_0021,2026-02-26T03:13:19+05:30,2026-02-26T06:26:23+05:30,500,0
RCH_00003,CUST_0001,2026-02-26T11:21:09+05:30,2026-02-26T15:48:32+05:30,1000,0
RCH_00284,CUST_0089,2026-02-23T23:45:02+05:30,2026-02-24T01:51:12+05:30,50,0
RCH_00611,CUST_0004,2026-02-07T10:24:27+05:30,2026-02-07T11:33:25+05:30,200,0
RCH_00432,CUST_0131,2026-03-03T07:15:50+05:30,2026-03-03T10:26:31+05:30,200,0
RCH_01036,CUST_0020,2025-12-05T22:45:55+05:30,2025-12-06T03:32:55+05:30,200,0
RCH_01328,CUST_0102,2026-02-04T04:23:23+05:30,2026-02-04T05:52:21+05:30,-200,1
RCH_00312,CUST_0096,2026-03-18T00:22:12+05:30,2026-03-18T00:59:15+05:30,200,0
RCH_00481,CUST_0059,2026-03-07T01:56:40+05:30,2026-03-07T04:35:05+05:30,500,0
RCH_00754,CUST_0055,2025-11-29T02:40:46+05:30,2025-11-29T07:55:49+05:30,100,0
RCH_00119,CUST_0033,2026-02-25T23:43:05+05:30,2026-02-26T03:49:41+05:30,1000,0
RCH_00026,CUST_0009,2026-03-21T11:28:10+05:30,2026-03-21T13:45:17+05:30,1000,0
RCH_00932,CUST_0118,2025-12-03T18:02:43+05:30,2025-12-03T23:52:44+05:30,100,0
RCH_01147,CUST_0040,2026-04-09T08:58:00+05:30,2026-04-09T14:08:21+05:30,300,0
RCH_00443,CUST_0133,2026-03-04T23:46:33+05:30,2026-03-05T01:01:14+05:30,200,0
RCH_01261,CUST_0017,2026-03-23T18:40:39+05:30,2026-03-23T22:07:55+05:30,100,0
RCH_00743,CUST_0050,2026-01-21T06:27:37+05:30,2026-01-21T09:47:04+05:30,1000,0
RCH_00415,CUST_0126,2026-02-16T22:46:14+05:30,2026-02-17T02:53:47+05:30,200,0
RCH_01126,CUST_0023,2026-03-30T20:18:55+05:30,2026-03-30T21:28:46+05:30,100,0
RCH_00682,CUST_0029,2025-12-04T19:29:56+05:30,2025-12-04T23:53:07+05:30,50,0
RCH_00894,CUST_0103,2025-11-28T13:37:35+05:30,2025-11-28T15:49:24+05:30,100,0
RCH_01141,CUST_0035,2026-03-20T03:07:33+05:30,2026-03-20T05:57:12+05:30,300,0
RCH_00540,CUST_0014,2026-02-20T00:13:58+05:30,2026-02-20T00:29:42+05:30,50,0
RCH_00556,CUST_0003,2026-03-22T03:34:31+05:30,2026-03-22T09:10:27+05:30,100,0
RCH_00512,CUST_0017,2026-02-16T23:47:05+05:30,2026-02-17T05:34:07+05:30,100,0
RCH_01429,CUST_0106,2026-03-01T11:43:12+05:30,2026-03-01T14:13:53+05:30,100,0
RCH_00636,CUST_0015,2025-12-03T09:16:59+05:30,2025-12-03T11:22:40+05:30,100,0
RCH_01319,CUST_0074,2026-03-08T00:57:44+05:30,2026-03-08T02:46:27+05:30,-300,1
RCH_00268,CUST_0084,2026-03-12T16:56:40+05:30,2026-03-12T20:57:37+05:30,200,0
RCH_01081,CUST_0001,2025-12-02T18:31:49+05:30,2025-12-02T23:26:14+05:30,500,0
RCH_00393,CUST_0117,2026-02-19T01:08:36+05:30,2026-02-19T02:30:51+05:30,200,0
RCH_00668,CUST_0025,2025-12-07T20:47:48+05:30,2025-12-08T01:38:19+05:30,100,0
RCH_01113,CUST_0009,2026-04-13T01:49:32+05:30,2026-04-13T05:07:57+05:30,100,0
RCH_01388,CUST_0104,2026-03-13T04:38:22+05:30,2026-03-18T08:50:28+05:30,300,0
RCH_01229,CUST_0118,2026-03-03T17:24:35+05:30,2026-03-03T20:35:03+05:30,100,0
RCH_00964,CUST_0128,2026-02-06T06:38:08+05:30,2026-02-06T10:27:18+05:30,500,0
RCH_01219,CUST_0110,2026-04-08T19:42:57+05:30,2026-04-08T23:44:49+05:30,300,0
RCH_00940,CUST_0121,2026-01-21T10:04:40+05:30,2026-01-21T13:41:10+05:30,1000,0
RCH_01306,CUST_0018,2026-03-16T10:25:44+05:30,2026-03-16T14:09:45+05:30,-200,1
RCH_01123,CUST_0018,2026-04-07T21:50:07+05:30,2026-04-07T22:22:02+05:30,200,0
RCH_00434,CUST_0132,2026-02-05T06:16:02+05:30,2026-02-05T08:58:24+05:30,200,0
RCH_00057,CUST_0015,2026-02-28T08:15:40+05:30,2026-02-28T08:49:15+05:30,200,0
RCH_00802,CUST_0072,2025-12-24T03:40:03+05:30,2025-12-24T05:41:53+05:30,50,0
RCH_01022,CUST_0005,2025-12-17T03:36:14+05:30,2025-12-17T05:46:35+05:30,300,0
RCH_00846,CUST_0087,2026-01-27T03:20:47+05:30,2026-01-27T08:27:51+05:30,50,0
RCH_01284,CUST_0001,2026-03-31T13:56:20+05:30,2026-03-31T16:24:43+05:30,100,0
RCH_00227,CUST_0070,2026-03-10T22:35:23+05:30,2026-03-10T23:47:05+05:30,50,0
RCH_01180,CUST_0073,2026-03-27T04:35:34+05:30,2026-03-27T08:21:56+05:30,100,0
RCH_01125,CUST_0023,2026-04-06T17:07:33+05:30,2026-04-06T18:07:42+05:30,200,0
RCH_00622,CUST_0008,2026-02-27T16:35:14+05:30,2026-02-27T19:36:35+05:30,50,0
RCH_00039,CUST_0012,2026-03-14T14:22:47+05:30,2026-03-14T16:24:37+05:30,300,0
RCH_01212,CUST_0106,2026-03-31T04:05:54+05:30,2026-03-31T06:50:05+05:30,100,0
RCH_00010,CUST_0004,2026-03-03T20:13:30+05:30,2026-03-03T23:20:32+05:30,1000,0
RCH_01374,CUST_0012,2026-03-26T11:41:09+05:30,2026-03-28T13:04:07+05:30,500,0
RCH_00738,CUST_0046,2025-11-09T18:16:52+05:30,2025-11-09T20:47:55+05:30,500,0
RCH_01415,CUST_0108,2026-02-27T22:31:39+05:30,2026-02-27T23:31:55+05:30,200,0
RCH_00813,CUST_0075,2026-01-27T02:32:46+05:30,2026-01-27T03:43:37+05:30,300,0
RCH_00426,CUST_0130,2026-03-12T09:58:10+05:30,2026-03-12T10:29:54+05:30,500,0
RCH_00504,CUST_0059,2026-03-01T05:52:51+05:30,2026-03-01T06:26:26+05:30,500,0
RCH_00646,CUST_0019,2026-01-19T21:28:47+05:30,2026-01-19T23:19:21+05:30,50,0
RCH_00989,CUST_0138,2026-01-06T23:42:29+05:30,2026-01-07T02:16:33+05:30,100,0
RCH_00348,CUST_0108,2026-02-27T22:31:39+05:30,2026-02-27T23:31:55+05:30,200,0
RCH_00244,CUST_0078,2026-02-17T21:45:43+05:30,2026-02-18T02:45:48+05:30,200,0
RCH_00421,CUST_0127,2026-03-17T07:52:44+05:30,2026-03-17T12:54:33+05:30,100,0
RCH_00774,CUST_0063,2026-02-03T07:49:45+05:30,2026-02-03T09:47:05+05:30,1000,0
RCH_01082,CUST_0001,2026-01-27T00:47:00+05:30,2026-01-27T05:05:25+05:30,200,0
RCH_00142,CUST_0040,2026-02-25T07:23:23+05:30,2026-02-25T09:24:05+05:30,300,0
RCH_00238,CUST_0076,2026-03-09T23:51:05+05:30,2026-03-10T01:32:25+05:30,200,0
RCH_00424,CUST_0129,2026-02-23T09:03:43+05:30,2026-02-23T11:13:58+05:30,200,0
RCH_01445,CUST_0006,2026-02-16T17:22:20+05:30,2026-02-16T20:53:38+05:30,0,0
RCH_00789,CUST_0067,2026-02-13T14:43:01+05:30,2026-02-13T16:28:38+05:30,50,0
RCH_01192,CUST_0087,2026-03-15T19:02:05+05:30,2026-03-15T22:00:43+05:30,200,0
RCH_00493,CUST_0018,2026-02-21T22:03:16+05:30,2026-02-22T02:31:23+05:30,1000,0
RCH_01117,CUST_0013,2026-04-15T03:40:53+05:30,2026-04-15T08:52:37+05:30,500,0
RCH_00032,CUST_0010,2026-03-11T19:33:15+05:30,2026-03-12T00:06:30+05:30,500,0
RCH_00464,CUST_0140,2026-02-28T03:43:03+05:30,2026-02-28T07:59:34+05:30,100,0
RCH_00069,CUST_0017,2026-02-20T05:14:22+05:30,2026-02-20T07:12:05+05:30,100,0
RCH_01124,CUST_0021,2026-03-19T10:52:00+05:30,2026-03-19T12:37:23+05:30,100,0
RCH_00709,CUST_0038,2025-12-03T19:22:44+05:30,2025-12-04T00:10:42+05:30,200,0
RCH_01035,CUST_0020,2025-12-09T15:16:25+05:30,2025-12-09T18:28:04+05:30,500,0
RCH_01101,CUST_0015,2025-11-12T11:22:47+05:30,2025-11-12T13:29:10+05:30,200,0
RCH_00178,CUST_0050,2026-03-06T07:53:30+05:30,2026-03-06T11:37:56+05:30,200,0
RCH_00805,CUST_0073,2025-11-25T00:26:15+05:30,2025-11-25T05:13:39+05:30,500,0
RCH_01150,CUST_0046,2026-03-20T13:15:39+05:30,2026-03-20T18:54:35+05:30,500,0
RCH_00494,CUST_0017,2026-02-08T14:15:24+05:30,2026-02-08T17:59:39+05:30,200,0
RCH_01277,CUST_0029,2026-03-05T04:00:09+05:30,2026-03-05T05:28:12+05:30,100,0
RCH_01136,CUST_0028,2026-03-26T05:06:45+05:30,2026-03-26T10:44:41+05:30,1000,0
RCH_00866,CUST_0094,2026-01-15T18:57:01+05:30,2026-01-15T23:22:18+05:30,200,0
RCH_00343,CUST_0106,2026-02-19T15:36:03+05:30,2026-02-19T19:20:57+05:30,100,0
RCH_00684,CUST_0030,2026-01-22T08:16:19+05:30,2026-01-22T11:58:11+05:30,50,0
RCH_00505,CUST_0034,2026-03-02T07:59:08+05:30,2026-03-02T12:36:36+05:30,1000,0
RCH_00717,CUST_0040,2025-12-05T08:04:09+05:30,2025-12-05T12:09:48+05:30,500,0
RCH_00921,CUST_0112,2026-02-03T00:44:48+05:30,2026-02-03T04:31:57+05:30,100,0
RCH_00215,CUST_0066,2026-02-14T10:23:17+05:30,2026-02-14T11:18:10+05:30,200,0
RCH_00131,CUST_0037,2026-03-11T22:34:37+05:30,2026-03-12T00:17:05+05:30,50,0
RCH_01211,CUST_0106,2026-04-03T03:05:18+05:30,2026-04-03T03:54:15+05:30,100,0
RCH_00701,CUST_0034,2026-01-21T11:24:15+05:30,2026-01-21T14:19:15+05:30,300,0
RCH_00255,CUST_0081,2026-03-18T03:23:46+05:30,2026-03-18T07:20:32+05:30,300,0
RCH_00117,CUST_0033,2026-03-01T13:23:26+05:30,2026-03-01T17:42:26+05:30,500,0
RCH_00909,CUST_0109,2026-01-22T02:13:56+05:30,2026-01-22T03:34:45+05:30,500,0
RCH_00635,CUST_0015,2026-01-29T08:38:07+05:30,2026-01-29T13:00:16+05:30,200,0
RCH_00706,CUST_0036,2026-01-14T19:56:55+05:30,2026-01-14T23:28:30+05:30,100,0
RCH_00113,CUST_0032,2026-02-25T01:01:25+05:30,2026-02-25T01:35:56+05:30,50,0
RCH_00326,CUST_0100,2026-03-02T14:29:51+05:30,2026-03-02T16:47:16+05:30,50,0
RCH_01447,CUST_0060,2026-02-20T07:51:08+05:30,2026-02-20T12:31:52+05:30,-50,0
RCH_00479,CUST_0059,2026-03-10T11:50:03+05:30,2026-03-10T13:07:18+05:30,300,0
RCH_00473,CUST_0049,2026-02-06T23:41:35+05:30,2026-02-07T00:11:40+05:30,300,0
RCH_00461,CUST_0136,2026-03-04T01:57:13+05:30,2026-03-04T03:12:41+05:30,100,0
RCH_00457,CUST_0136,2026-02-21T17:59:47+05:30,2026-02-21T23:24:18+05:30,200,0
RCH_00537,CUST_0054,2026-03-04T20:39:40+05:30,2026-03-05T01:35:42+05:30,200,0
RCH_00441,CUST_0133,2026-02-28T15:28:38+05:30,2026-02-28T17:45:57+05:30,50,0
RCH_01299,CUST_0007,2026-03-07T06:53:00+05:30,2026-03-07T07:53:55+05:30,-200,1
RCH_00679,CUST_0028,2026-01-29T14:41:00+05:30,2026-01-29T19:12:24+05:30,300,0
RCH_00267,CUST_0084,2026-02-17T12:34:43+05:30,2026-02-17T14:16:44+05:30,100,0
RCH_00662,CUST_0024,2026-01-12T15:53:26+05:30,2026-01-12T21:42:28+05:30,200,0
RCH_01456,CUST_0098,2026-02-16T16:57:29+05:30,2026-02-16T20:37:56+05:30,0,0
RCH_00261,CUST_0082,2026-03-04T12:43:39+05:30,2026-03-04T16:55:27+05:30,200,0
RCH_00342,CUST_0106,2026-02-28T11:21:37+05:30,2026-02-28T15:22:36+05:30,1000,0
RCH_01029,CUST_0034,2025-12-12T13:42:09+05:30,2025-12-12T19:01:01+05:30,50,0
RCH_00826,CUST_0079,2025-12-10T23:04:09+05:30,2025-12-10T23:36:15+05:30,100,0
RCH_00520,CUST_0019,2026-03-05T17:29:38+05:30,2026-03-05T18:12:14+05:30,300,0
RCH_00381,CUST_0114,2026-03-09T02:35:33+05:30,2026-03-09T07:31:31+05:30,50,0
RCH_01166,CUST_0060,2026-03-23T17:35:08+05:30,2026-03-23T20:13:20+05:30,1000,0
RCH_00997,CUST_0008,2025-11-22T14:01:25+05:30,2025-11-22T19:18:08+05:30,100,0
RCH_01111,CUST_0005,2026-03-27T21:34:12+05:30,2026-03-27T21:55:49+05:30,200,0
RCH_01436,CUST_0043,2026-03-09T01:58:33+05:30,2026-03-09T07:08:39+05:30,500,0
RCH_00581,CUST_0033,2026-02-28T12:46:26+05:30,2026-02-28T17:08:23+05:30,100,0
RCH_00971,CUST_0131,2026-02-01T20:55:26+05:30,2026-02-01T23:00:36+05:30,100,0
RCH_00904,CUST_0107,2026-01-24T21:42:23+05:30,2026-01-25T02:47:30+05:30,500,0
RCH_00929,CUST_0117,2025-12-20T19:35:17+05:30,2025-12-21T00:18:27+05:30,100,0
RCH_00614,CUST_0005,2025-12-24T17:39:29+05:30,2025-12-24T18:39:13+05:30,500,0
RCH_00344,CUST_0106,2026-02-27T22:36:44+05:30,2026-02-28T02:51:05+05:30,100,0
RCH_01061,CUST_0048,2025-12-04T22:49:00+05:30,2025-12-05T02:19:25+05:30,50,0
RCH_00680,CUST_0028,2025-12-03T23:57:49+05:30,2025-12-04T04:25:58+05:30,50,0
RCH_01312,CUST_0043,2026-03-16T16:46:25+05:30,2026-03-16T20:49:02+05:30,-300,1
RCH_00726,CUST_0042,2025-12-18T08:14:18+05:30,2025-12-18T12:50:16+05:30,200,0
RCH_00788,CUST_0067,2025-12-11T20:55:57+05:30,2025-12-11T22:42:56+05:30,100,0
RCH_01037,CUST_0020,2025-12-06T07:33:10+05:30,2025-12-06T08:55:10+05:30,200,0
RCH_00165,CUST_0046,2026-03-03T05:46:06+05:30,2026-03-03T05:59:19+05:30,500,0
RCH_01395,CUST_0024,2026-03-01T02:04:52+05:30,2026-03-05T07:57:28+05:30,200,0
RCH_01402,CUST_0108,2026-03-09T00:23:36+05:30,2026-03-09T02:05:23+05:30,200,0
RCH_01292,CUST_0026,2026-03-08T11:53:40+05:30,2026-03-08T12:52:59+05:30,50,0
RCH_01460,CUST_0119,2026-02-07T01:56:22+05:30,2026-02-07T06:09:35+05:30,0,0
RCH_00553,CUST_0006,2026-03-09T09:37:01+05:30,2026-03-09T12:25:34+05:30,500,0
RCH_01432,CUST_0015,2026-02-16T09:36:37+05:30,2026-02-16T11:01:42+05:30,200,0
RCH_01052,CUST_0014,2026-01-28T04:01:01+05:30,2026-01-28T04:51:41+05:30,1000,0
RCH_00150,CUST_0041,2026-02-27T00:42:57+05:30,2026-02-27T01:54:42+05:30,300,0
RCH_01241,CUST_0136,2026-03-28T08:41:19+05:30,2026-03-28T12:02:09+05:30,50,0
RCH_01160,CUST_0054,2026-03-31T21:24:01+05:30,2026-03-31T22:23:43+05:30,1000,0
RCH_00925,CUST_0114,2026-02-15T15:50:55+05:30,2026-02-15T17:28:07+05:30,1000,0
RCH_01002,CUST_0059,2025-11-25T21:37:23+05:30,2025-11-26T01:57:13+05:30,100,0
RCH_00729,CUST_0044,2025-12-20T01:40:11+05:30,2025-12-20T03:00:39+05:30,50,0
RCH_01338,CUST_0132,2026-02-05T18:42:10+05:30,2026-02-05T20:19:09+05:30,-100,1
RCH_01265,CUST_0019,2026-04-02T10:18:58+05:30,2026-04-02T15:55:31+05:30,1000,0
RCH_00606,CUST_0002,2026-01-06T15:41:15+05:30,2026-01-06T16:24:33+05:30,500,0
RCH_00128,CUST_0037,2026-03-23T22:00:41+05:30,2026-03-23T23:54:53+05:30,100,0
RCH_01348,CUST_0017,2026-02-09T22:25:08+05:30,2026-02-10T01:48:59+05:30,-300,1
RCH_01091,CUST_0006,2025-11-15T18:10:34+05:30,2025-11-15T22:37:32+05:30,100,0
RCH_01411,CUST_0088,2026-02-14T00:31:16+05:30,2026-02-14T04:35:42+05:30,200,0
RCH_00987,CUST_0138,2026-01-23T03:40:08+05:30,2026-01-23T08:28:11+05:30,500,0
RCH_01068,CUST_0006,2026-01-26T05:31:06+05:30,2026-01-26T10:59:05+05:30,200,0
RCH_01304,CUST_0016,2026-03-02T06:53:14+05:30,2026-03-02T07:48:28+05:30,-50,1
RCH_00460,CUST_0136,2026-03-06T16:46:07+05:30,2026-03-06T18:22:52+05:30,100,0
RCH_00253,CUST_0081,2026-03-12T02:40:34+05:30,2026-03-12T04:56:19+05:30,500,0
RCH_01015,CUST_0045,2026-01-29T21:10:07+05:30,2026-01-30T01:17:22+05:30,100,0
RCH_00517,CUST_0020,2026-02-24T22:44:30+05:30,2026-02-24T22:58:51+05:30,500,0
RCH_00878,CUST_0097,2026-02-02T04:27:32+05:30,2026-02-02T09:30:31+05:30,200,0
RCH_00596,CUST_0055,2026-02-18T20:09:48+05:30,2026-02-18T22:51:42+05:30,200,0
RCH_00887,CUST_0101,2025-11-11T03:14:02+05:30,2025-11-11T08:52:58+05:30,1000,0
RCH_00727,CUST_0043,2025-12-24T08:27:51+05:30,2025-12-24T09:55:49+05:30,500,0
RCH_01318,CUST_0071,2026-03-02T12:14:51+05:30,2026-03-02T14:35:02+05:30,-50,1
RCH_00102,CUST_0029,2026-03-08T02:11:55+05:30,2026-03-08T07:36:37+05:30,300,0
RCH_00608,CUST_0003,2025-12-19T15:10:31+05:30,2025-12-19T19:17:58+05:30,200,0
RCH_00025,CUST_0009,2026-03-26T23:06:21+05:30,2026-03-26T23:49:46+05:30,1000,0
RCH_01138,CUST_0034,2026-04-02T16:50:02+05:30,2026-04-02T18:25:28+05:30,100,0
RCH_01026,CUST_0059,2026-01-04T14:36:11+05:30,2026-01-04T15:10:07+05:30,200,0
RCH_01294,CUST_0051,2026-04-10T11:58:10+05:30,2026-04-10T16:45:41+05:30,300,0
RCH_01158,CUST_0054,2026-04-11T20:41:23+05:30,2026-04-11T21:41:18+05:30,200,0
RCH_00955,CUST_0126,2026-01-15T01:34:43+05:30,2026-01-15T02:39:14+05:30,100,0
RCH_01165,CUST_0057,2026-03-12T23:22:15+05:30,2026-03-13T04:52:36+05:30,100,0
RCH_00385,CUST_0115,2026-02-18T14:55:32+05:30,2026-02-18T18:15:27+05:30,500,0
RCH_01247,CUST_0008,2026-03-25T09:50:21+05:30,2026-03-25T11:50:37+05:30,500,0
RCH_01004,CUST_0059,2026-01-30T00:00:23+05:30,2026-01-30T02:10:16+05:30,100,0
RCH_01290,CUST_0006,2026-03-20T07:44:47+05:30,2026-03-20T11:52:28+05:30,300,0
RCH_00478,CUST_0049,2026-02-28T02:50:46+05:30,2026-02-28T05:29:40+05:30,50,0
RCH_01356,CUST_0006,2026-03-18T22:16:32+05:30,2026-03-21T00:11:39+05:30,300,0
RCH_00226,CUST_0070,2026-03-04T09:04:28+05:30,2026-03-04T11:32:44+05:30,100,0
RCH_01195,CUST_0091,2026-03-24T17:21:11+05:30,2026-03-24T22:56:28+05:30,1000,0
RCH_00013,CUST_0005,2026-02-28T19:33:54+05:30,2026-02-28T20:57:19+05:30,500,0
RCH_01176,CUST_0070,2026-03-29T22:28:13+05:30,2026-03-30T04:18:07+05:30,1000,0
RCH_00211,CUST_0065,2026-03-21T21:16:33+05:30,2026-03-22T01:06:23+05:30,500,0
RCH_00274,CUST_0085,2026-03-16T02:15:52+05:30,2026-03-16T06:07:56+05:30,500,0
RCH_00085,CUST_0023,2026-02-24T15:43:39+05:30,2026-02-24T18:44:27+05:30,50,0
RCH_00310,CUST_0096,2026-03-01T04:31:48+05:30,2026-03-01T05:32:39+05:30,300,0
RCH_00296,CUST_0092,2026-02-11T12:44:09+05:30,2026-02-11T18:23:15+05:30,1000,0
RCH_01364,CUST_0040,2026-03-20T17:36:43+05:30,2026-03-26T19:36:35+05:30,500,0
RCH_00230,CUST_0070,2026-03-26T14:20:02+05:30,2026-03-26T15:20:12+05:30,50,0
RCH_00565,CUST_0057,2026-03-06T07:39:30+05:30,2026-03-06T11:38:08+05:30,100,0
RCH_00735,CUST_0046,2025-12-31T14:30:58+05:30,2025-12-31T18:39:15+05:30,300,0
RCH_00147,CUST_0041,2026-03-07T03:02:24+05:30,2026-03-07T04:10:58+05:30,50,0
RCH_00159,CUST_0044,2026-03-07T07:28:03+05:30,2026-03-07T08:22:53+05:30,200,0
RCH_01055,CUST_0057,2025-11-15T18:44:20+05:30,2025-11-15T23:55:06+05:30,300,0
RCH_00105,CUST_0030,2026-03-14T13:34:54+05:30,2026-03-14T17:58:00+05:30,100,0
RCH_00345,CUST_0107,2026-03-25T01:30:42+05:30,2026-03-25T05:23:11+05:30,100,0
RCH_00490,CUST_0045,2026-02-11T14:55:54+05:30,2026-02-11T15:37:18+05:30,1000,0
RCH_00218,CUST_0067,2026-03-09T02:31:17+05:30,2026-03-09T08:06:26+05:30,200,0
RCH_00543,CUST_0057,2026-02-16T08:10:18+05:30,2026-02-16T09:30:44+05:30,500,0
RCH_01452,CUST_0062,2026-02-28T11:05:06+05:30,2026-02-28T13:44:05+05:30,-50,0
RCH_00160,CUST_0045,2026-03-11T03:08:37+05:30,2026-03-11T06:36:19+05:30,50,0
RCH_00091,CUST_0027,2026-02-11T00:49:48+05:30,2026-02-11T01:12:54+05:30,500,0
RCH_00175,CUST_0049,2026-03-04T08:22:18+05:30,2026-03-04T13:42:32+05:30,200,0
RCH_01024,CUST_0005,2025-12-02T13:15:33+05:30,2025-12-02T14:40:17+05:30,1000,0
RCH_00686,CUST_0030,2026-01-19T22:37:01+05:30,2026-01-20T02:50:30+05:30,50,0
RCH_01224,CUST_0114,2026-04-04T22:18:07+05:30,2026-04-05T01:42:11+05:30,100,0
RCH_00893,CUST_0103,2025-12-02T08:56:08+05:30,2025-12-02T09:19:24+05:30,100,0
RCH_00819,CUST_0078,2026-01-12T02:59:35+05:30,2026-01-12T07:02:03+05:30,200,0
RCH_00949,CUST_0124,2026-01-09T07:34:52+05:30,2026-01-09T09:01:13+05:30,300,0
RCH_01396,CUST_0062,2026-03-14T16:08:22+05:30,2026-03-20T09:19:45+05:30,200,0
RCH_01227,CUST_0115,2026-03-21T18:43:36+05:30,2026-03-21T21:12:26+05:30,200,0
RCH_00341,CUST_0106,2026-03-18T03:01:14+05:30,2026-03-18T04:19:20+05:30,500,0
RCH_00487,CUST_0021,2026-02-26T13:01:00+05:30,2026-02-26T13:26:43+05:30,100,0
RCH_01346,CUST_0059,2026-02-20T13:38:41+05:30,2026-02-20T15:24:47+05:30,-100,1
RCH_00807,CUST_0074,2025-12-31T15:32:41+05:30,2025-12-31T19:40:21+05:30,300,0
RCH_01385,CUST_0134,2026-03-05T21:12:44+05:30,2026-03-10T07:31:25+05:30,100,0
RCH_00801,CUST_0072,2026-01-05T21:23:27+05:30,2026-01-06T00:49:49+05:30,500,0
RCH_00369,CUST_0112,2026-02-28T05:35:26+05:30,2026-02-28T11:17:36+05:30,500,0
RCH_01259,CUST_0059,2026-04-03T04:09:37+05:30,2026-04-03T07:21:01+05:30,100,0
RCH_01419,CUST_0131,2026-03-03T07:15:50+05:30,2026-03-03T10:26:31+05:30,200,0
RCH_01459,CUST_0113,2026-02-07T22:02:14+05:30,2026-02-08T03:19:46+05:30,-50,0
RCH_00078,CUST_0020,2026-03-05T15:44:06+05:30,2026-03-05T19:48:21+05:30,300,0
RCH_00995,CUST_0140,2025-12-27T07:27:23+05:30,2025-12-27T11:42:19+05:30,200,0
RCH_00700,CUST_0034,2026-02-04T20:40:13+05:30,2026-02-04T22:57:50+05:30,500,0
RCH_01343,CUST_0059,2026-03-09T11:46:15+05:30,2026-03-09T17:42:08+05:30,-200,1
RCH_01272,CUST_0004,2026-03-26T04:11:39+05:30,2026-03-26T04:41:57+05:30,50,0
RCH_00038,CUST_0012,2026-03-08T18:38:17+05:30,2026-03-08T19:42:06+05:30,200,0
RCH_00928,CUST_0116,2025-11-10T20:40:05+05:30,2025-11-11T01:27:33+05:30,500,0
RCH_00570,CUST_0057,2026-03-09T01:48:57+05:30,2026-03-09T02:46:08+05:30,200,0
RCH_00346,CUST_0107,2026-03-23T05:59:33+05:30,2026-03-23T07:14:38+05:30,50,0
RCH_00797,CUST_0071,2026-01-22T12:36:00+05:30,2026-01-22T15:42:22+05:30,200,0
RCH_00525,CUST_0016,2026-03-07T16:11:16+05:30,2026-03-07T19:23:16+05:30,500,0
RCH_00145,CUST_0040,2026-03-19T06:27:12+05:30,2026-03-19T06:41:15+05:30,100,0
RCH_00400,CUST_0120,2026-03-22T22:03:05+05:30,2026-03-22T23:26:18+05:30,500,0
RCH_00193,CUST_0054,2026-03-09T13:17:11+05:30,2026-03-09T19:11:38+05:30,300,0
RCH_01262,CUST_0017,2026-03-07T20:30:02+05:30,2026-03-08T01:58:46+05:30,1000,0
RCH_00528,CUST_0042,2026-03-15T09:29:57+05:30,2026-03-15T12:04:28+05:30,1000,0
RCH_01064,CUST_0006,2026-02-04T04:55:32+05:30,2026-02-04T10:23:52+05:30,500,0
RCH_00584,CUST_0006,2026-02-16T16:46:12+05:30,2026-02-16T17:36:07+05:30,1000,0
RCH_01238,CUST_0132,2026-03-11T08:10:10+05:30,2026-03-11T12:10:26+05:30,500,0
RCH_00413,CUST_0126,2026-02-21T10:21:55+05:30,2026-02-21T14:40:52+05:30,500,0
RCH_01106,CUST_0001,2026-03-28T01:16:00+05:30,2026-03-28T06:54:24+05:30,500,0
RCH_00890,CUST_0102,2025-12-18T13:12:13+05:30,2025-12-18T18:24:53+05:30,1000,0
RCH_00759,CUST_0056,2025-12-21T00:43:45+05:30,2025-12-21T01:01:07+05:30,500,0
RCH_01296,CUST_0004,2026-03-02T15:59:41+05:30,2026-03-02T16:35:04+05:30,-1000,1
RCH_01281,CUST_0057,2026-03-26T18:51:23+05:30,2026-03-26T21:57:27+05:30,200,0
RCH_00683,CUST_0029,2025-12-16T12:21:02+05:30,2025-12-16T14:36:01+05:30,300,0
RCH_00384,CUST_0115,2026-02-14T05:23:18+05:30,2026-02-14T10:53:17+05:30,300,0
RCH_00201,CUST_0061,2026-02-11T19:37:42+05:30,2026-02-11T22:26:36+05:30,100,0
RCH_00436,CUST_0132,2026-02-22T06:30:49+05:30,2026-02-22T09:07:27+05:30,100,0
RCH_00702,CUST_0035,2026-02-14T15:29:59+05:30,2026-02-14T19:03:31+05:30,300,0
RCH_00401,CUST_0120,2026-03-08T11:38:12+05:30,2026-03-08T13:04:32+05:30,200,0
RCH_00402,CUST_0120,2026-03-13T04:41:02+05:30,2026-03-13T10:22:25+05:30,100,0
RCH_01234,CUST_0124,2026-03-27T15:16:57+05:30,2026-03-27T17:01:31+05:30,300,0
RCH_01197,CUST_0092,2026-03-06T06:43:09+05:30,2026-03-06T08:43:31+05:30,100,0
RCH_01383,CUST_0013,2026-03-24T18:10:58+05:30,2026-03-28T20:25:21+05:30,300,0
RCH_00704,CUST_0035,2025-12-21T00:44:32+05:30,2025-12-21T05:09:31+05:30,100,0
RCH_00542,CUST_0057,2026-02-24T06:24:56+05:30,2026-02-24T07:11:13+05:30,50,0
RCH_01099,CUST_0015,2025-11-22T21:53:21+05:30,2025-11-22T22:09:56+05:30,1000,0
RCH_00958,CUST_0127,2026-02-02T06:23:25+05:30,2026-02-02T11:24:28+05:30,100,0
RCH_01043,CUST_0033,2025-12-15T11:38:21+05:30,2025-12-15T14:28:43+05:30,100,0
RCH_00189,CUST_0054,2026-03-20T12:37:24+05:30,2026-03-20T18:34:06+05:30,100,0
RCH_00107,CUST_0030,2026-03-02T07:31:40+05:30,2026-03-02T10:25:44+05:30,500,0
RCH_00923,CUST_0113,2025-12-13T11:58:58+05:30,2025-12-13T13:14:35+05:30,300,0
RCH_00677,CUST_0028,2025-11-24T16:54:40+05:30,2025-11-24T17:37:11+05:30,200,0
RCH_00308,CUST_0096,2026-03-19T16:26:59+05:30,2026-03-19T18:24:29+05:30,500,0
RCH_00099,CUST_0029,2026-03-29T02:23:47+05:30,2026-03-29T04:58:44+05:30,500,0
RCH_00667,CUST_0025,2025-11-17T10:01:48+05:30,2025-11-17T13:31:04+05:30,500,0
RCH_00731,CUST_0044,2026-02-09T05:07:14+05:30,2026-02-09T10:03:20+05:30,300,0
RCH_01320,CUST_0075,2026-03-02T08:40:32+05:30,2026-03-02T11:46:49+05:30,-1000,1
RCH_00474,CUST_0049,2026-02-25T12:04:32+05:30,2026-02-25T13:40:11+05:30,300,0
RCH_01202,CUST_0096,2026-04-03T15:16:32+05:30,2026-04-03T18:30:08+05:30,300,0
RCH_00199,CUST_0061,2026-02-26T13:32:27+05:30,2026-02-26T17:21:34+05:30,500,0
RCH_01310,CUST_0034,2026-03-21T02:17:46+05:30,2026-03-21T07:03:27+05:30,-1000,1
RCH_00707,CUST_0036,2025-11-19T06:50:37+05:30,2025-11-19T07:14:29+05:30,1000,0
RCH_00266,CUST_0083,2026-02-16T10:15:56+05:30,2026-02-16T12:29:16+05:30,200,0
RCH_00370,CUST_0112,2026-02-23T17:38:00+05:30,2026-02-23T18:47:56+05:30,100,0
RCH_00180,CUST_0051,2026-03-03T00:26:52+05:30,2026-03-03T03:33:39+05:30,500,0
RCH_00721,CUST_0041,2026-02-11T06:57:08+05:30,2026-02-11T08:15:20+05:30,100,0
RCH_00885,CUST_0101,2026-01-09T03:17:19+05:30,2026-01-09T05:49:00+05:30,50,0
RCH_01152,CUST_0048,2026-03-17T23:20:31+05:30,2026-03-18T04:29:27+05:30,500,0
RCH_00082,CUST_0022,2026-03-20T14:47:18+05:30,2026-03-20T20:36:48+05:30,200,0
RCH_00016,CUST_0006,2026-03-03T06:24:35+05:30,2026-03-03T07:27:53+05:30,200,0
RCH_00572,CUST_0001,2026-03-04T10:09:22+05:30,2026-03-04T15:12:24+05:30,200,0
RCH_00917,CUST_0112,2025-11-19T10:40:47+05:30,2025-11-19T11:22:08+05:30,200,0
RCH_01031,CUST_0017,2026-01-25T10:13:28+05:30,2026-01-25T13:11:46+05:30,100,0
RCH_00132,CUST_0037,2026-03-22T00:00:33+05:30,2026-03-22T03:40:01+05:30,300,0
RCH_00664,CUST_0024,2025-12-06T01:34:51+05:30,2025-12-06T02:52:07+05:30,200,0
RCH_01380,CUST_0130,2026-03-14T19:11:14+05:30,2026-03-20T09:20:41+05:30,1000,0
RCH_01401,CUST_0075,2026-02-20T23:06:18+05:30,2026-02-21T02:58:04+05:30,200,0
RCH_01198,CUST_0092,2026-03-21T14:16:16+05:30,2026-03-21T15:01:03+05:30,100,0
RCH_00954,CUST_0126,2025-12-02T10:21:05+05:30,2025-12-02T11:37:09+05:30,200,0
RCH_01444,CUST_0018,2026-03-24T05:46:39+05:30,2026-03-24T10:08:01+05:30,0,0
RCH_00877,CUST_0097,2026-01-23T02:55:10+05:30,2026-01-23T03:26:53+05:30,100,0
RCH_00834,CUST_0082,2026-01-14T22:35:41+05:30,2026-01-15T01:01:47+05:30,100,0
RCH_00264,CUST_0083,2026-02-26T06:07:39+05:30,2026-02-26T10:42:18+05:30,100,0
RCH_01421,CUST_0100,2026-02-28T16:03:10+05:30,2026-02-28T17:12:27+05:30,50,0
RCH_01286,CUST_0001,2026-03-18T05:41:29+05:30,2026-03-18T10:49:07+05:30,500,0
RCH_01001,CUST_0059,2026-01-06T22:46:18+05:30,2026-01-07T03:38:41+05:30,300,0
RCH_00914,CUST_0110,2025-12-20T09:09:57+05:30,2025-12-20T10:41:44+05:30,100,0
RCH_01083,CUST_0001,2025-12-16T19:52:36+05:30,2025-12-17T01:46:48+05:30,100,0
RCH_00610,CUST_0003,2025-12-21T08:04:33+05:30,2025-12-21T09:22:25+05:30,1000,0
RCH_00281,CUST_0088,2026-02-17T21:56:11+05:30,2026-02-18T01:47:17+05:30,200,0
RCH_00526,CUST_0016,2026-03-11T10:08:54+05:30,2026-03-11T12:25:23+05:30,300,0
RCH_01425,CUST_0110,2026-03-01T00:08:41+05:30,2026-03-01T01:25:54+05:30,50,0
RCH_00936,CUST_0120,2026-01-19T12:53:25+05:30,2026-01-19T16:48:03+05:30,1000,0
RCH_00423,CUST_0127,2026-02-27T02:56:21+05:30,2026-02-27T08:41:43+05:30,500,0
RCH_00254,CUST_0081,2026-03-03T07:18:49+05:30,2026-03-03T12:41:10+05:30,100,0
RCH_00383,CUST_0115,2026-02-05T16:56:45+05:30,2026-02-05T21:46:12+05:30,1000,0
RCH_01268,CUST_0017,2026-03-07T20:20:23+05:30,2026-03-08T00:11:06+05:30,50,0
RCH_00737,CUST_0046,2026-01-28T22:01:12+05:30,2026-01-29T01:46:27+05:30,500,0
RCH_00299,CUST_0093,2026-02-11T13:55:08+05:30,2026-02-11T17:47:52+05:30,500,0
RCH_01020,CUST_0017,2025-12-11T09:12:56+05:30,2025-12-11T09:36:10+05:30,1000,0
RCH_01040,CUST_0017,2025-12-12T11:41:14+05:30,2025-12-12T15:31:38+05:30,300,0
RCH_01243,CUST_0136,2026-03-29T18:51:52+05:30,2026-03-29T21:47:30+05:30,500,0
RCH_00325,CUST_0100,2026-02-23T10:00:21+05:30,2026-02-23T16:00:20+05:30,100,0
RCH_00118,CUST_0033,2026-03-11T02:07:48+05:30,2026-03-11T03:06:03+05:30,500,0
RCH_01450,CUST_0055,2026-03-07T09:52:31+05:30,2026-03-07T15:50:09+05:30,-50,0
RCH_01155,CUST_0049,2026-03-14T04:32:37+05:30,2026-03-14T10:23:54+05:30,300,0
RCH_01335,CUST_0125,2026-02-27T02:25:38+05:30,2026-02-27T04:28:14+05:30,-500,1
RCH_01293,CUST_0051,2026-04-06T21:08:07+05:30,2026-04-07T02:31:37+05:30,300,0
RCH_00529,CUST_0042,2026-03-10T08:48:53+05:30,2026-03-10T12:16:14+05:30,100,0
RCH_00821,CUST_0078,2025-12-30T01:11:06+05:30,2025-12-30T04:09:34+05:30,100,0
RCH_00097,CUST_0028,2026-02-23T16:48:21+05:30,2026-02-23T18:08:27+05:30,1000,0
RCH_00088,CUST_0026,2026-03-13T08:17:57+05:30,2026-03-13T13:42:30+05:30,300,0
RCH_00522,CUST_0019,2026-02-22T16:15:37+05:30,2026-02-22T17:38:43+05:30,500,0
RCH_00658,CUST_0023,2026-01-31T07:42:19+05:30,2026-01-31T12:11:44+05:30,100,0
RCH_01407,CUST_0005,2026-03-09T05:10:55+05:30,2026-03-09T10:54:14+05:30,300,0
RCH_01442,CUST_0100,2026-03-02T07:07:03+05:30,2026-03-02T11:51:12+05:30,-100,0
RCH_00564,CUST_0022,2026-03-16T02:06:02+05:30,2026-03-16T04:24:20+05:30,300,0
RCH_00307,CUST_0095,2026-03-16T18:30:53+05:30,2026-03-16T21:12:00+05:30,100,0
RCH_00334,CUST_0104,2026-02-20T16:56:32+05:30,2026-02-20T19:29:02+05:30,1000,0
RCH_01323,CUST_0090,2026-02-18T14:42:17+05:30,2026-02-18T17:29:05+05:30,-50,1
RCH_01066,CUST_0006,2026-02-16T09:17:35+05:30,2026-02-16T12:46:34+05:30,200,0
RCH_00289,CUST_0090,2026-02-12T07:52:05+05:30,2026-02-12T11:02:20+05:30,300,0
RCH_00022,CUST_0008,2026-03-02T22:23:40+05:30,2026-03-03T04:01:29+05:30,50,0
RCH_00448,CUST_0134,2026-02-16T16:32:10+05:30,2026-02-16T19:44:58+05:30,50,0
RCH_00589,CUST_0015,2026-02-05T18:54:49+05:30,2026-02-05T20:08:12+05:30,300,0
RCH_00192,CUST_0054,2026-03-19T14:22:54+05:30,2026-03-19T17:34:30+05:30,200,0
RCH_01008,CUST_0059,2026-02-09T20:53:44+05:30,2026-02-10T00:59:26+05:30,200,0
RCH_01175,CUST_0070,2026-04-12T12:32:41+05:30,2026-04-12T14:05:44+05:30,500,0
RCH_01336,CUST_0126,2026-03-08T01:43:34+05:30,2026-03-08T05:34:37+05:30,-300,1
RCH_00285,CUST_0089,2026-03-10T19:25:09+05:30,2026-03-10T22:27:37+05:30,100,0
RCH_00986,CUST_0138,2026-02-10T22:47:16+05:30,2026-02-11T00:29:49+05:30,500,0
RCH_01424,CUST_0045,2026-02-22T18:27:44+05:30,2026-02-22T21:51:09+05:30,200,0
RCH_00859,CUST_0091,2025-12-31T18:28:32+05:30,2025-12-31T20:50:37+05:30,500,0
RCH_00602,CUST_0001,2025-11-25T20:36:19+05:30,2025-11-26T01:52:51+05:30,50,0
RCH_00221,CUST_0067,2026-02-18T02:05:16+05:30,2026-02-18T06:36:56+05:30,300,0
RCH_01190,CUST_0086,2026-03-20T03:23:39+05:30,2026-03-20T04:06:27+05:30,200,0
RCH_00586,CUST_0026,2026-02-28T07:03:32+05:30,2026-02-28T09:03:51+05:30,200,0
RCH_00066,CUST_0017,2026-02-23T19:49:54+05:30,2026-02-23T23:59:15+05:30,500,0
RCH_00439,CUST_0132,2026-02-10T01:21:54+05:30,2026-02-10T03:32:33+05:30,100,0
RCH_00103,CUST_0029,2026-03-19T08:26:50+05:30,2026-03-19T10:35:24+05:30,50,0
RCH_00115,CUST_0032,2026-02-03T13:36:51+05:30,2026-02-03T18:56:18+05:30,100,0
RCH_00884,CUST_0100,2026-01-18T10:58:38+05:30,2026-01-18T12:02:27+05:30,100,0
RCH_00060,CUST_0016,2026-02-20T11:14:42+05:30,2026-02-20T14:01:52+05:30,200,0
RCH_00612,CUST_0004,2026-01-05T13:22:02+05:30,2026-01-05T15:00:56+05:30,50,0
RCH_01048,CUST_0054,2026-01-16T22:13:37+05:30,2026-01-17T02:14:01+05:30,200,0
RCH_01107,CUST_0001,2026-04-04T17:11:07+05:30,2026-04-04T20:23:41+05:30,100,0
RCH_01441,CUST_0034,2026-02-12T05:45:00+05:30,2026-02-12T11:40:24+05:30,-50,0
RCH_01405,CUST_0032,2026-02-17T06:58:22+05:30,2026-02-17T09:26:40+05:30,100,0
RCH_00557,CUST_0003,2026-03-14T05:08:18+05:30,2026-03-14T10:33:07+05:30,500,0
RCH_01142,CUST_0036,2026-04-01T00:23:55+05:30,2026-04-01T02:41:38+05:30,100,0
RCH_01370,CUST_0018,2026-03-24T05:53:41+05:30,2026-03-27T07:51:15+05:30,200,0
RCH_00577,CUST_0018,2026-03-08T01:53:17+05:30,2026-03-08T04:38:32+05:30,300,0
RCH_00049,CUST_0014,2026-03-03T22:24:30+05:30,2026-03-04T01:30:42+05:30,500,0
RCH_01253,CUST_0017,2026-03-14T07:54:45+05:30,2026-03-14T12:16:26+05:30,500,0
RCH_00860,CUST_0092,2025-12-01T06:38:46+05:30,2025-12-01T07:39:56+05:30,300,0
RCH_01270,CUST_0016,2026-04-03T00:54:22+05:30,2026-04-03T02:27:08+05:30,100,0
RCH_00247,CUST_0080,2026-03-09T16:15:09+05:30,2026-03-09T19:18:11+05:30,100,0
RCH_00601,CUST_0001,2026-02-04T02:20:01+05:30,2026-02-04T06:57:47+05:30,200,0
RCH_00258,CUST_0081,2026-03-02T20:28:24+05:30,2026-03-02T21:24:33+05:30,50,0
RCH_01297,CUST_0005,2026-02-24T11:36:21+05:30,2026-02-24T13:28:33+05:30,-500,1
RCH_00427,CUST_0130,2026-03-02T16:42:06+05:30,2026-03-02T17:44:27+05:30,100,0
RCH_01327,CUST_0099,2026-03-01T03:23:42+05:30,2026-03-01T08:51:07+05:30,-200,1
RCH_00841,CUST_0085,2026-02-12T06:34:35+05:30,2026-02-12T07:09:15+05:30,500,0
RCH_00297,CUST_0093,2026-02-06T04:04:03+05:30,2026-02-06T09:50:25+05:30,500,0
RCH_00141,CUST_0040,2026-02-24T06:44:33+05:30,2026-02-24T10:48:57+05:30,500,0
RCH_00073,CUST_0018,2026-03-21T14:01:28+05:30,2026-03-21T15:58:23+05:30,500,0
RCH_01115,CUST_0012,2026-03-31T13:11:51+05:30,2026-03-31T13:58:41+05:30,200,0
RCH_00619,CUST_0007,2026-01-18T23:46:48+05:30,2026-01-19T05:26:21+05:30,100,0
RCH_00200,CUST_0061,2026-02-27T21:34:45+05:30,2026-02-27T21:51:40+05:30,200,0
RCH_00567,CUST_0057,2026-03-08T23:36:37+05:30,2026-03-09T00:55:09+05:30,200,0
RCH_00093,CUST_0027,2026-02-27T22:36:35+05:30,2026-02-27T22:49:35+05:30,200,0
RCH_01181,CUST_0074,2026-04-15T01:32:55+05:30,2026-04-15T05:05:42+05:30,300,0
RCH_00084,CUST_0023,2026-03-19T17:28:30+05:30,2026-03-19T21:17:31+05:30,100,0
RCH_00654,CUST_0021,2025-11-16T13:56:58+05:30,2025-11-16T17:44:41+05:30,50,0
RCH_01382,CUST_0086,2026-03-16T15:34:14+05:30,2026-03-18T22:59:24+05:30,500,0
RCH_00516,CUST_0020,2026-03-04T11:49:39+05:30,2026-03-04T15:14:55+05:30,500,0
RCH_00155,CUST_0043,2026-03-25T07:34:11+05:30,2026-03-25T11:54:04+05:30,100,0
RCH_01116,CUST_0012,2026-04-04T18:42:07+05:30,2026-04-04T22:56:36+05:30,100,0
RCH_01156,CUST_0050,2026-04-07T03:05:01+05:30,2026-04-07T07:09:43+05:30,50,0
RCH_00182,CUST_0052,2026-03-21T18:22:19+05:30,2026-03-21T18:47:08+05:30,100,0
RCH_00970,CUST_0131,2025-11-17T16:30:12+05:30,2025-11-17T20:55:51+05:30,500,0
RCH_00260,CUST_0082,2026-02-26T16:49:51+05:30,2026-02-26T21:20:03+05:30,100,0
RCH_01368,CUST_0084,2026-03-13T16:13:59+05:30,2026-03-19T01:44:16+05:30,100,0
RCH_00769,CUST_0061,2026-01-04T06:53:54+05:30,2026-01-04T10:38:16+05:30,500,0
RCH_00040,CUST_0012,2026-03-04T09:01:55+05:30,2026-03-04T11:42:46+05:30,50,0
RCH_00618,CUST_0007,2026-01-27T02:17:31+05:30,2026-01-27T07:13:16+05:30,1000,0
RCH_00830,CUST_0081,2026-02-16T06:59:17+05:30,2026-02-16T12:44:48+05:30,200,0
RCH_00224,CUST_0068,2026-02-23T05:08:31+05:30,2026-02-23T10:12:44+05:30,50,0
RCH_00210,CUST_0064,2026-02-16T02:55:52+05:30,2026-02-16T05:32:23+05:30,100,0
RCH_00130,CUST_0037,2026-02-25T20:17:44+05:30,2026-02-25T22:39:16+05:30,100,0
RCH_01207,CUST_0102,2026-03-17T06:07:54+05:30,2026-03-17T06:39:16+05:30,300,0
RCH_00621,CUST_0008,2025-12-16T19:37:52+05:30,2025-12-16T20:29:43+05:30,200,0
RCH_00911,CUST_0110,2025-12-17T00:48:20+05:30,2025-12-17T04:06:27+05:30,200,0
RCH_00070,CUST_0018,2026-03-06T09:54:48+05:30,2026-03-06T12:39:02+05:30,100,0
RCH_00168,CUST_0046,2026-03-05T08:10:45+05:30,2026-03-05T09:07:27+05:30,500,0
RCH_00853,CUST_0090,2025-11-06T13:14:56+05:30,2025-11-06T15:02:31+05:30,200,0
RCH_01203,CUST_0096,2026-04-07T23:41:54+05:30,2026-04-08T00:04:39+05:30,50,0
RCH_00252,CUST_0081,2026-03-07T10:10:36+05:30,2026-03-07T14:25:13+05:30,100,0
RCH_00488,CUST_0045,2026-02-27T20:24:41+05:30,2026-02-27T21:34:47+05:30,50,0
RCH_00559,CUST_0003,2026-02-22T17:41:16+05:30,2026-02-22T18:16:46+05:30,500,0
RCH_01217,CUST_0109,2026-03-27T23:25:18+05:30,2026-03-28T05:18:44+05:30,1000,0
RCH_00872,CUST_0096,2025-12-11T23:44:45+05:30,2025-12-12T03:02:45+05:30,100,0
RCH_00351,CUST_0108,2026-03-12T20:48:45+05:30,2026-03-13T00:44:05+05:30,50,0
RCH_00313,CUST_0097,2026-02-18T21:09:52+05:30,2026-02-19T00:43:10+05:30,200,0
RCH_00741,CUST_0049,2026-01-28T02:07:07+05:30,2026-01-28T03:13:29+05:30,100,0
RCH_01393,CUST_0067,2026-03-14T04:26:14+05:30,2026-03-19T10:05:55+05:30,200,0
RCH_00799,CUST_0071,2025-12-01T07:54:44+05:30,2025-12-01T11:57:37+05:30,100,0
RCH_01135,CUST_0027,2026-03-14T04:28:43+05:30,2026-03-14T05:21:53+05:30,100,0
RCH_01214,CUST_0107,2026-04-14T05:04:55+05:30,2026-04-14T07:42:31+05:30,300,0
RCH_01339,CUST_0134,2026-03-06T15:36:55+05:30,2026-03-06T18:48:07+05:30,-100,1
RCH_00538,CUST_0014,2026-02-28T04:45:46+05:30,2026-02-28T05:18:42+05:30,100,0
RCH_00920,CUST_0112,2026-01-31T04:45:23+05:30,2026-01-31T06:54:46+05:30,100,0
RCH_01408,CUST_0030,2026-03-14T13:34:54+05:30,2026-03-14T17:58:00+05:30,100,0
RCH_00225,CUST_0070,2026-02-27T11:59:45+05:30,2026-02-27T13:33:07+05:30,200,0
RCH_01400,CUST_0097,2026-02-18T21:09:52+05:30,2026-02-19T00:43:10+05:30,200,0
RCH_01105,CUST_0051,2025-12-03T08:25:33+05:30,2025-12-03T09:33:37+05:30,1000,0
RCH_00776,CUST_0064,2026-01-27T06:23:13+05:30,2026-01-27T08:33:23+05:30,500,0
RCH_00984,CUST_0137,2026-01-22T20:37:37+05:30,2026-01-23T01:59:46+05:30,500,0
RCH_00659,CUST_0023,2026-02-07T01:06:45+05:30,2026-02-07T04:40:16+05:30,1000,0
RCH_00410,CUST_0122,2026-03-12T19:42:42+05:30,2026-03-12T22:30:43+05:30,100,0
RCH_00779,CUST_0065,2026-02-17T14:01:05+05:30,2026-02-17T17:08:44+05:30,200,0
RCH_01193,CUST_0088,2026-03-16T15:46:11+05:30,2026-03-16T17:30:36+05:30,100,0
RCH_01196,CUST_0091,2026-04-05T17:59:57+05:30,2026-04-05T22:33:24+05:30,500,0
RCH_01361,CUST_0132,2026-03-03T16:21:39+05:30,2026-03-07T01:50:25+05:30,200,0
RCH_00785,CUST_0067,2025-11-18T13:19:12+05:30,2025-11-18T16:35:37+05:30,500,0
RCH_01210,CUST_0103,2026-04-01T09:55:38+05:30,2026-04-01T14:40:49+05:30,1000,0
RCH_00998,CUST_0008,2025-12-04T08:18:18+05:30,2025-12-04T12:26:16+05:30,500,0
RCH_01463,CUST_0090,2026-02-18T08:03:18+05:30,2026-02-18T13:56:58+05:30,0,0
RCH_01301,CUST_0012,2026-02-28T17:10:41+05:30,2026-02-28T19:53:44+05:30,-200,1
RCH_01071,CUST_0003,2025-12-25T19:10:03+05:30,2025-12-26T00:41:57+05:30,200,0
RCH_00242,CUST_0076,2026-02-15T11:41:50+05:30,2026-02-15T12:04:42+05:30,1000,0
RCH_00251,CUST_0080,2026-03-09T10:59:02+05:30,2026-03-09T11:49:17+05:30,100,0
RCH_00850,CUST_0089,2026-01-01T09:57:11+05:30,2026-01-01T14:29:28+05:30,100,0
RCH_01358,CUST_0109,2026-03-25T05:53:21+05:30,2026-03-27T11:45:25+05:30,500,0
RCH_00809,CUST_0074,2025-12-03T22:57:46+05:30,2025-12-04T03:36:08+05:30,200,0
RCH_00368,CUST_0112,2026-02-09T10:32:39+05:30,2026-02-09T15:35:12+05:30,50,0
RCH_01376,CUST_0032,2026-03-01T00:33:18+05:30,2026-03-05T00:22:31+05:30,100,0
RCH_00052,CUST_0014,2026-02-18T02:03:56+05:30,2026-02-18T03:40:53+05:30,100,0
RCH_00613,CUST_0004,2026-02-08T00:14:53+05:30,2026-02-08T02:27:43+05:30,100,0
RCH_01386,CUST_0049,2026-03-05T15:18:18+05:30,2026-03-09T04:13:12+05:30,100,0
RCH_01309,CUST_0031,2026-03-01T10:13:51+05:30,2026-03-01T10:33:51+05:30,-300,1
RCH_00237,CUST_0076,2026-03-01T23:29:51+05:30,2026-03-02T01:38:57+05:30,200,0
RCH_00333,CUST_0104,2026-03-15T09:55:55+05:30,2026-03-15T11:48:32+05:30,300,0
RCH_00627,CUST_0010,2025-12-29T08:50:16+05:30,2025-12-29T14:43:15+05:30,500,0
RCH_00605,CUST_0002,2025-12-25T13:02:26+05:30,2025-12-25T17:33:19+05:30,200,0
RCH_00089,CUST_0026,2026-03-03T09:37:54+05:30,2026-03-03T15:37:02+05:30,100,0
RCH_00588,CUST_0026,2026-02-21T22:50:56+05:30,2026-02-22T01:23:19+05:30,500,0
RCH_00162,CUST_0045,2026-02-22T18:27:44+05:30,2026-02-22T21:51:09+05:30,200,0
RCH_00100,CUST_0029,2026-03-28T19:06:22+05:30,2026-03-28T19:30:29+05:30,100,0
RCH_00263,CUST_0082,2026-02-27T06:28:20+05:30,2026-02-27T10:42:44+05:30,1000,0
RCH_00140,CUST_0039,2026-03-17T18:41:08+05:30,2026-03-17T19:50:06+05:30,200,0
RCH_01332,CUST_0120,2026-03-11T04:43:57+05:30,2026-03-11T10:34:56+05:30,-300,1
RCH_00475,CUST_0049,2026-02-14T10:59:00+05:30,2026-02-14T16:04:22+05:30,300,0
RCH_01065,CUST_0006,2026-02-11T05:44:34+05:30,2026-02-11T07:19:36+05:30,200,0
RCH_00666,CUST_0025,2025-12-17T08:53:32+05:30,2025-12-17T09:44:52+05:30,1000,0
RCH_00905,CUST_0108,2026-02-09T10:07:12+05:30,2026-02-09T10:51:55+05:30,200,0
RCH_01303,CUST_0014,2026-02-08T22:59:09+05:30,2026-02-09T03:33:23+05:30,-100,1
RCH_00045,CUST_0013,2026-03-24T14:25:17+05:30,2026-03-24T17:21:37+05:30,300,0
RCH_00607,CUST_0003,2025-11-12T02:44:37+05:30,2025-11-12T06:57:18+05:30,500,0
RCH_00006,CUST_0001,2026-02-20T15:21:41+05:30,2026-02-20T18:56:56+05:30,200,0
RCH_00806,CUST_0073,2026-01-05T19:54:15+05:30,2026-01-05T20:28:34+05:30,1000,0
RCH_00293,CUST_0092,2026-02-25T05:12:36+05:30,2026-02-25T07:43:41+05:30,50,0
RCH_00419,CUST_0127,2026-03-14T22:34:02+05:30,2026-03-14T23:35:51+05:30,50,0
RCH_01220,CUST_0111,2026-03-04T20:21:41+05:30,2026-03-05T00:36:23+05:30,50,0
RCH_01164,CUST_0057,2026-03-30T20:08:12+05:30,2026-03-31T00:27:59+05:30,100,0
RCH_00269,CUST_0084,2026-03-06T06:29:59+05:30,2026-03-06T12:24:22+05:30,200,0
RCH_00963,CUST_0128,2025-11-22T09:14:57+05:30,2025-11-22T14:38:00+05:30,500,0
RCH_00395,CUST_0118,2026-02-19T20:31:36+05:30,2026-02-20T00:00:01+05:30,500,0
RCH_00324,CUST_0100,2026-02-16T09:35:57+05:30,2026-02-16T14:40:28+05:30,300,0
RCH_01000,CUST_0049,2025-11-27T16:22:34+05:30,2025-11-27T18:51:51+05:30,300,0
RCH_00531,CUST_0042,2026-03-10T08:17:22+05:30,2026-03-10T12:56:24+05:30,300,0
RCH_00028,CUST_0009,2026-03-22T08:51:52+05:30,2026-03-22T14:16:16+05:30,500,0
RCH_00019,CUST_0007,2026-03-08T07:15:23+05:30,2026-03-08T11:22:32+05:30,200,0
RCH_00883,CUST_0099,2026-01-20T10:33:23+05:30,2026-01-20T12:26:41+05:30,1000,0
RCH_00756,CUST_0056,2025-11-22T08:17:24+05:30,2025-11-22T11:23:02+05:30,300,0
RCH_00164,CUST_0046,2026-02-17T04:10:37+05:30,2026-02-17T06:58:06+05:30,500,0
RCH_00243,CUST_0077,2026-03-10T10:10:27+05:30,2026-03-10T14:27:40+05:30,1000,0
RCH_01042,CUST_0017,2025-11-26T07:45:48+05:30,2025-11-26T11:58:23+05:30,500,0
RCH_00502,CUST_0005,2026-02-16T05:38:09+05:30,2026-02-16T07:05:22+05:30,50,0
RCH_00945,CUST_0122,2025-12-24T12:11:14+05:30,2025-12-24T17:37:52+05:30,500,0
RCH_00442,CUST_0133,2026-02-10T07:33:52+05:30,2026-02-10T09:01:50+05:30,100,0
RCH_00101,CUST_0029,2026-03-06T10:47:00+05:30,2026-03-06T11:20:35+05:30,200,0
RCH_00433,CUST_0132,2026-02-09T05:29:36+05:30,2026-02-09T06:23:04+05:30,200,0
RCH_00835,CUST_0082,2025-11-24T23:48:37+05:30,2025-11-25T01:07:18+05:30,300,0
RCH_00833,CUST_0082,2025-11-20T23:45:44+05:30,2025-11-21T02:27:42+05:30,200,0
RCH_00365,CUST_0111,2026-02-02T13:23:36+05:30,2026-02-02T13:53:56+05:30,50,0
RCH_00563,CUST_0022,2026-03-22T05:24:09+05:30,2026-03-22T11:14:15+05:30,200,0
RCH_00975,CUST_0133,2026-01-11T07:43:41+05:30,2026-01-11T11:05:05+05:30,500,0
RCH_01088,CUST_0018,2025-12-16T07:37:36+05:30,2025-12-16T07:52:01+05:30,100,0
RCH_01246,CUST_0140,2026-03-28T04:04:35+05:30,2026-03-28T07:09:50+05:30,50,0
RCH_00903,CUST_0107,2026-01-22T10:18:44+05:30,2026-01-22T14:21:22+05:30,100,0
RCH_01355,CUST_0087,2026-03-03T16:12:59+05:30,2026-03-07T10:26:01+05:30,500,0
RCH_00149,CUST_0041,2026-03-18T00:32:33+05:30,2026-03-18T04:21:05+05:30,300,0
RCH_00856,CUST_0091,2026-01-21T05:45:36+05:30,2026-01-21T07:24:05+05:30,500,0
RCH_00640,CUST_0017,2025-11-16T05:34:51+05:30,2025-11-16T08:38:54+05:30,500,0
RCH_01288,CUST_0018,2026-04-07T07:48:25+05:30,2026-04-07T08:54:52+05:30,50,0
RCH_00804,CUST_0072,2025-12-27T14:35:06+05:30,2025-12-27T18:13:13+05:30,500,0
RCH_01093,CUST_0006,2025-12-07T16:13:56+05:30,2025-12-07T17:12:55+05:30,500,0
RCH_01226,CUST_0115,2026-03-16T04:52:55+05:30,2026-03-16T10:37:45+05:30,200,0
RCH_00796,CUST_0071,2025-12-03T06:28:51+05:30,2025-12-03T11:53:23+05:30,50,0
RCH_00642,CUST_0018,2026-02-06T11:06:32+05:30,2026-02-06T12:37:42+05:30,100,0
RCH_00076,CUST_0019,2026-03-28T16:50:18+05:30,2026-03-28T19:25:37+05:30,200,0
RCH_00719,CUST_0041,2025-12-27T14:33:35+05:30,2025-12-27T15:35:38+05:30,200,0
RCH_00429,CUST_0130,2026-03-18T03:57:32+05:30,2026-03-18T07:28:14+05:30,200,0
RCH_00462,CUST_0136,2026-03-01T11:55:18+05:30,2026-03-01T15:20:34+05:30,50,0
RCH_01391,CUST_0054,2026-03-26T04:10:46+05:30,2026-03-29T16:49:10+05:30,200,0
RCH_01005,CUST_0059,2026-02-17T09:06:11+05:30,2026-02-17T09:19:15+05:30,200,0
RCH_00927,CUST_0115,2026-01-16T08:26:27+05:30,2026-01-16T14:00:19+05:30,300,0
RCH_00222,CUST_0068,2026-02-11T04:21:27+05:30,2026-02-11T06:27:47+05:30,200,0
RCH_00675,CUST_0027,2026-01-28T21:34:03+05:30,2026-01-28T22:00:35+05:30,200,0
RCH_01448,CUST_0032,2026-03-02T22:50:07+05:30,2026-03-03T00:55:20+05:30,-100,0
RCH_00017,CUST_0006,2026-02-14T10:43:44+05:30,2026-02-14T14:56:52+05:30,100,0
RCH_01162,CUST_0055,2026-03-29T05:04:26+05:30,2026-03-29T05:44:21+05:30,500,0
RCH_01439,CUST_0035,2026-03-13T11:40:26+05:30,2026-03-13T17:00:08+05:30,200,0
RCH_00847,CUST_0088,2025-12-25T18:45:12+05:30,2025-12-25T23:52:21+05:30,200,0
RCH_00497,CUST_0017,2026-02-19T10:59:25+05:30,2026-02-19T12:59:28+05:30,200,0
RCH_00761,CUST_0057,2025-11-19T17:49:50+05:30,2025-11-19T20:12:31+05:30,200,0
RCH_00458,CUST_0136,2026-02-13T01:30:12+05:30,2026-02-13T07:14:13+05:30,500,0
RCH_01283,CUST_0057,2026-03-24T17:26:19+05:30,2026-03-24T19:41:33+05:30,500,0
RCH_00615,CUST_0005,2025-12-21T17:23:57+05:30,2025-12-21T18:58:44+05:30,200,0
RCH_00001,CUST_0001,2026-03-12T11:23:24+05:30,2026-03-12T15:47:24+05:30,100,0
RCH_00513,CUST_0020,2026-02-19T00:52:28+05:30,2026-02-19T02:41:40+05:30,100,0
RCH_01340,CUST_0136,2026-03-07T04:34:17+05:30,2026-03-07T06:26:03+05:30,-100,1
RCH_01003,CUST_0059,2025-12-25T13:23:37+05:30,2025-12-25T16:36:59+05:30,200,0
RCH_00539,CUST_0014,2026-03-01T22:18:17+05:30,2026-03-02T04:16:06+05:30,50,0
RCH_00177,CUST_0049,2026-02-16T02:26:09+05:30,2026-02-16T06:49:05+05:30,200,0
RCH_01182,CUST_0074,2026-04-03T10:01:24+05:30,2026-04-03T14:37:20+05:30,300,0
RCH_00524,CUST_0016,2026-02-28T04:08:41+05:30,2026-02-28T07:28:05+05:30,500,0
RCH_01451,CUST_0004,2026-02-27T18:01:42+05:30,2026-02-27T18:54:05+05:30,-50,0
RCH_00422,CUST_0127,2026-02-22T13:28:41+05:30,2026-02-22T18:42:18+05:30,100,0
RCH_00509,CUST_0034,2026-02-16T15:32:04+05:30,2026-02-16T18:44:15+05:30,500,0
RCH_01404,CUST_0021,2026-02-06T13:56:34+05:30,2026-02-06T17:45:32+05:30,1000,0
RCH_01325,CUST_0092,2026-02-15T20:02:10+05:30,2026-02-16T01:19:03+05:30,-100,1
RCH_01173,CUST_0069,2026-04-12T01:40:34+05:30,2026-04-12T01:55:54+05:30,500,0
RCH_00123,CUST_0035,2026-03-13T11:40:26+05:30,2026-03-13T17:00:08+05:30,200,0
RCH_00208,CUST_0063,2026-03-17T15:15:12+05:30,2026-03-17T18:38:55+05:30,200,0
RCH_01387,CUST_0131,2026-03-07T07:12:12+05:30,2026-03-08T13:45:35+05:30,100,0
RCH_00518,CUST_0020,2026-03-04T18:52:00+05:30,2026-03-04T20:48:25+05:30,1000,0
RCH_00315,CUST_0097,2026-03-02T14:12:18+05:30,2026-03-02T16:44:22+05:30,1000,0
RCH_00629,CUST_0012,2025-12-29T03:59:39+05:30,2025-12-29T09:44:36+05:30,500,0
RCH_00323,CUST_0100,2026-03-03T04:40:31+05:30,2026-03-03T06:44:06+05:30,500,0
RCH_00134,CUST_0038,2026-03-09T02:38:45+05:30,2026-03-09T04:19:28+05:30,200,0
RCH_00983,CUST_0136,2025-12-17T13:38:34+05:30,2025-12-17T19:28:39+05:30,300,0
RCH_00214,CUST_0065,2026-03-18T14:46:53+05:30,2026-03-18T20:45:42+05:30,200,0
RCH_00762,CUST_0057,2026-02-05T17:38:14+05:30,2026-02-05T17:57:27+05:30,500,0
RCH_00711,CUST_0038,2026-01-16T05:32:49+05:30,2026-01-16T10:10:27+05:30,300,0
RCH_01225,CUST_0115,2026-03-25T07:26:33+05:30,2026-03-25T11:49:11+05:30,500,0
RCH_01174,CUST_0069,2026-04-03T02:35:55+05:30,2026-04-03T07:12:40+05:30,100,0
RCH_00468,CUST_0140,2026-03-11T21:36:43+05:30,2026-03-12T00:09:53+05:30,100,0
RCH_00628,CUST_0011,2025-11-30T06:56:47+05:30,2025-11-30T09:04:14+05:30,200,0
RCH_01248,CUST_0008,2026-03-31T12:47:12+05:30,2026-03-31T14:47:03+05:30,500,0
RCH_01457,CUST_0017,2026-02-07T06:39:26+05:30,2026-02-07T10:02:15+05:30,-50,0
RCH_01209,CUST_0102,2026-03-07T19:13:28+05:30,2026-03-07T20:26:28+05:30,200,0
RCH_00209,CUST_0064,2026-02-22T23:46:27+05:30,2026-02-23T02:58:49+05:30,1000,0
RCH_01168,CUST_0061,2026-03-16T14:48:21+05:30,2026-03-16T17:35:40+05:30,500,0
RCH_00079,CUST_0021,2026-02-26T12:57:17+05:30,2026-02-26T17:11:26+05:30,500,0
RCH_00910,CUST_0110,2026-02-01T14:11:44+05:30,2026-02-01T15:07:58+05:30,200,0
RCH_00409,CUST_0122,2026-03-07T19:12:46+05:30,2026-03-07T23:07:42+05:30,1000,0
RCH_00035,CUST_0010,2026-03-09T23:05:12+05:30,2026-03-10T01:32:59+05:30,100,0
RCH_00204,CUST_0063,2026-02-28T13:43:40+05:30,2026-02-28T17:16:59+05:30,1000,0
RCH_00996,CUST_0140,2026-01-12T04:49:23+05:30,2026-01-12T10:28:29+05:30,200,0
RCH_01032,CUST_0017,2025-12-24T09:22:41+05:30,2025-12-24T15:11:57+05:30,500,0
RCH_01285,CUST_0001,2026-03-27T04:26:49+05:30,2026-03-27T09:29:16+05:30,1000,0
RCH_00396,CUST_0118,2026-02-07T15:25:26+05:30,2026-02-07T20:35:39+05:30,200,0
RCH_01102,CUST_0055,2025-11-27T03:37:04+05:30,2025-11-27T06:54:13+05:30,100,0
RCH_01201,CUST_0095,2026-04-18T17:27:16+05:30,2026-04-18T18:54:22+05:30,500,0
RCH_00973,CUST_0131,2026-01-23T03:12:17+05:30,2026-01-23T06:48:45+05:30,1000,0
RCH_01437,CUST_0115,2026-02-14T05:23:18+05:30,2026-02-14T10:53:17+05:30,300,0
RCH_00390,CUST_0116,2026-02-22T17:03:56+05:30,2026-02-22T19:19:31+05:30,100,0
RCH_01183,CUST_0075,2026-03-31T08:28:00+05:30,2026-03-31T12:35:24+05:30,100,0
RCH_00375,CUST_0113,2026-02-09T11:55:43+05:30,2026-02-09T16:20:16+05:30,50,0
RCH_00205,CUST_0063,2026-02-24T12:07:30+05:30,2026-02-24T13:45:59+05:30,50,0
RCH_00305,CUST_0095,2026-03-16T17:05:42+05:30,2026-03-16T21:57:59+05:30,200,0
RCH_00569,CUST_0057,2026-02-24T16:43:54+05:30,2026-02-24T18:54:42+05:30,100,0
RCH_00795,CUST_0070,2026-01-21T14:48:20+05:30,2026-01-21T15:52:58+05:30,500,0
RCH_00889,CUST_0102,2025-11-12T12:52:17+05:30,2025-11-12T18:22:00+05:30,200,0
RCH_00453,CUST_0135,2026-03-25T02:08:11+05:30,2026-03-25T06:24:34+05:30,50,0
RCH_00651,CUST_0020,2025-12-21T21:13:31+05:30,2025-12-22T00:08:40+05:30,1000,0
RCH_00306,CUST_0095,2026-03-20T08:00:16+05:30,2026-03-20T12:00:00+05:30,300,0
RCH_01390,CUST_0059,2026-02-26T09:40:40+05:30,2026-03-02T07:24:04+05:30,200,0
RCH_01420,CUST_0045,2026-03-11T03:08:37+05:30,2026-03-11T06:36:19+05:30,50,0
RCH_00844,CUST_0086,2025-12-28T19:47:59+05:30,2025-12-29T01:22:09+05:30,200,0
RCH_00320,CUST_0098,2026-02-05T22:32:40+05:30,2026-02-06T01:29:21+05:30,1000,0
RCH_00207,CUST_0063,2026-03-12T13:23:00+05:30,2026-03-12T14:30:24+05:30,100,0
RCH_00388,CUST_0116,2026-02-17T15:59:00+05:30,2026-02-17T21:33:15+05:30,50,0
RCH_01305,CUST_0017,2026-02-19T00:57:46+05:30,2026-02-19T02:08:23+05:30,-500,1
RCH_00895,CUST_0103,2025-12-26T05:32:37+05:30,2025-12-26T06:02:02+05:30,300,0
RCH_00957,CUST_0126,2026-01-17T05:02:27+05:30,2026-01-17T07:05:17+05:30,1000,0
RCH_00892,CUST_0102,2026-01-06T13:23:13+05:30,2026-01-06T18:46:00+05:30,200,0
RCH_00196,CUST_0057,2026-03-07T09:35:16+05:30,2026-03-07T11:06:21+05:30,50,0
RCH_00599,CUST_0001,2025-12-31T17:47:44+05:30,2025-12-31T21:00:58+05:30,500,0
RCH_00349,CUST_0108,2026-03-09T00:23:36+05:30,2026-03-09T02:05:23+05:30,200,0
RCH_00257,CUST_0081,2026-03-15T19:48:04+05:30,2026-03-15T22:12:03+05:30,200,0
RCH_01454,CUST_0008,2026-02-16T19:55:48+05:30,2026-02-16T21:41:29+05:30,-100,0
RCH_01232,CUST_0121,2026-04-01T02:51:21+05:30,2026-04-01T06:23:24+05:30,50,0
RCH_01132,CUST_0026,2026-04-03T02:49:41+05:30,2026-04-03T03:42:00+05:30,500,0
RCH_01308,CUST_0024,2026-02-06T22:35:48+05:30,2026-02-07T03:24:00+05:30,-50,1
RCH_00283,CUST_0089,2026-03-07T00:19:27+05:30,2026-03-07T04:21:30+05:30,100,0
RCH_00521,CUST_0019,2026-03-13T06:43:10+05:30,2026-03-13T11:48:40+05:30,200,0
RCH_00620,CUST_0008,2025-12-03T15:12:29+05:30,2025-12-03T20:16:38+05:30,500,0
RCH_00004,CUST_0001,2026-03-12T18:31:52+05:30,2026-03-12T21:46:09+05:30,1000,0
RCH_00896,CUST_0103,2026-01-22T11:48:17+05:30,2026-01-22T14:47:41+05:30,300,0
RCH_00647,CUST_0020,2025-12-09T03:13:01+05:30,2025-12-09T08:34:57+05:30,100,0
RCH_00446,CUST_0133,2026-02-14T17:32:17+05:30,2026-02-14T18:45:17+05:30,100,0
RCH_01186,CUST_0081,2026-04-11T22:21:54+05:30,2026-04-12T03:29:35+05:30,50,0
RCH_01216,CUST_0109,2026-03-28T23:02:52+05:30,2026-03-29T04:35:53+05:30,100,0
RCH_01427,CUST_0017,2026-03-11T03:02:00+05:30,2026-03-11T05:30:15+05:30,1000,0
RCH_00578,CUST_0018,2026-03-09T20:59:19+05:30,2026-03-09T23:31:58+05:30,1000,0
RCH_00988,CUST_0138,2026-01-27T20:24:04+05:30,2026-01-27T21:47:03+05:30,500,0
RCH_00249,CUST_0080,2026-03-16T10:09:46+05:30,2026-03-16T15:50:14+05:30,200,0
RCH_00714,CUST_0039,2025-12-19T20:43:10+05:30,2025-12-20T02:02:41+05:30,500,0
RCH_00566,CUST_0057,2026-03-03T18:54:15+05:30,2026-03-04T00:23:58+05:30,1000,0
RCH_00541,CUST_0057,2026-02-15T02:15:49+05:30,2026-02-15T05:40:14+05:30,200,0
RCH_00194,CUST_0057,2026-03-06T21:23:36+05:30,2026-03-07T01:09:59+05:30,500,0
RCH_01170,CUST_0068,2026-03-28T07:46:18+05:30,2026-03-28T11:42:14+05:30,500,0
RCH_00724,CUST_0042,2025-12-02T19:02:11+05:30,2025-12-03T00:35:01+05:30,500,0
RCH_00510,CUST_0034,2026-03-04T20:03:37+05:30,2026-03-04T23:55:05+05:30,100,0
RCH_00406,CUST_0122,2026-02-24T14:04:40+05:30,2026-02-24T19:33:19+05:30,100,0
RCH_01275,CUST_0019,2026-04-06T10:53:50+05:30,2026-04-06T15:32:36+05:30,200,0
RCH_01038,CUST_0019,2025-11-30T02:15:34+05:30,2025-11-30T06:39:01+05:30,50,0
RCH_00967,CUST_0129,2025-11-17T02:11:37+05:30,2025-11-17T05:16:57+05:30,300,0
RCH_00378,CUST_0114,2026-03-06T05:33:11+05:30,2026-03-06T09:14:36+05:30,200,0
RCH_00871,CUST_0096,2025-12-23T09:19:06+05:30,2025-12-23T13:25:59+05:30,200,0
RCH_00316,CUST_0097,2026-03-03T18:46:29+05:30,2026-03-04T00:08:36+05:30,100,0
RCH_01075,CUST_0057,2025-11-23T19:19:30+05:30,2025-11-23T19:32:18+05:30,50,0
RCH_00321,CUST_0100,2026-02-22T04:58:40+05:30,2026-02-22T06:00:56+05:30,500,0
RCH_01423,CUST_0053,2026-02-24T08:52:38+05:30,2026-02-24T12:11:04+05:30,500,0
RCH_01017,CUST_0018,2025-11-16T12:22:14+05:30,2025-11-16T14:27:22+05:30,50,0
RCH_00712,CUST_0039,2025-12-03T17:08:31+05:30,2025-12-03T18:45:51+05:30,1000,0
RCH_01324,CUST_0091,2026-02-23T18:49:52+05:30,2026-02-24T00:12:42+05:30,-50,1
RCH_01462,CUST_0111,2026-02-17T07:54:28+05:30,2026-02-17T10:45:00+05:30,-100,0
RCH_00822,CUST_0078,2025-12-02T12:07:05+05:30,2025-12-02T13:11:15+05:30,100,0
RCH_00732,CUST_0044,2025-12-13T18:11:02+05:30,2025-12-13T18:24:47+05:30,200,0
RCH_00055,CUST_0015,2026-02-16T06:55:34+05:30,2026-02-16T09:31:13+05:30,500,0
RCH_00993,CUST_0140,2025-12-27T13:33:05+05:30,2025-12-27T15:25:26+05:30,100,0
RCH_01027,CUST_0059,2025-12-08T20:28:49+05:30,2025-12-09T00:04:22+05:30,500,0
RCH_00713,CUST_0039,2025-12-15T22:52:10+05:30,2025-12-16T01:00:33+05:30,300,0
RCH_01045,CUST_0016,2026-01-07T18:43:04+05:30,2026-01-07T19:23:51+05:30,300,0
RCH_00946,CUST_0123,2026-02-23T07:58:52+05:30,2026-02-23T11:01:04+05:30,50,0
RCH_00755,CUST_0055,2026-01-01T10:18:40+05:30,2026-01-01T12:32:46+05:30,200,0
RCH_00901,CUST_0107,2025-12-27T20:28:54+05:30,2025-12-27T21:26:49+05:30,300,0
RCH_00445,CUST_0133,2026-02-12T17:56:15+05:30,2026-02-12T23:17:44+05:30,500,0
RCH_00195,CUST_0057,2026-02-27T00:42:33+05:30,2026-02-27T03:01:15+05:30,50,0
RCH_00459,CUST_0136,2026-02-25T13:19:23+05:30,2026-02-25T13:40:18+05:30,1000,0
RCH_00094,CUST_0027,2026-03-02T12:50:29+05:30,2026-03-02T15:28:43+05:30,100,0
RCH_00812,CUST_0075,2025-11-23T19:18:48+05:30,2025-11-23T22:34:48+05:30,1000,0
RCH_00626,CUST_0009,2026-01-31T13:59:21+05:30,2026-01-31T17:25:22+05:30,50,0
RCH_00273,CUST_0085,2026-03-19T01:36:54+05:30,2026-03-19T06:24:10+05:30,200,0
RCH_00508,CUST_0034,2026-02-20T22:05:46+05:30,2026-02-21T01:52:14+05:30,200,0
RCH_01046,CUST_0016,2025-12-11T07:16:17+05:30,2025-12-11T10:14:01+05:30,100,0
RCH_00555,CUST_0003,2026-03-21T20:07:03+05:30,2026-03-21T21:41:59+05:30,200,0
RCH_01316,CUST_0060,2026-02-21T13:24:03+05:30,2026-02-21T14:04:48+05:30,-500,1
RCH_01461,CUST_0024,2026-02-06T14:16:07+05:30,2026-02-06T15:32:06+05:30,0,0
RCH_00403,CUST_0120,2026-03-18T05:36:08+05:30,2026-03-18T06:01:18+05:30,200,0
RCH_00934,CUST_0118,2026-01-18T16:13:52+05:30,2026-01-18T21:14:09+05:30,200,0
RCH_01414,CUST_0038,2026-02-19T05:09:15+05:30,2026-02-19T10:06:13+05:30,500,0
RCH_00951,CUST_0125,2026-01-19T16:05:55+05:30,2026-01-19T22:03:18+05:30,100,0
RCH_01112,CUST_0005,2026-04-04T09:17:09+05:30,2026-04-04T13:04:19+05:30,100,0
RCH_00783,CUST_0066,2025-12-17T17:46:29+05:30,2025-12-17T17:59:22+05:30,200,0
RCH_00294,CUST_0092,2026-03-03T01:16:04+05:30,2026-03-03T06:46:39+05:30,300,0
RCH_01231,CUST_0121,2026-03-28T03:39:40+05:30,2026-03-28T04:11:18+05:30,50,0
RCH_01255,CUST_0017,2026-03-21T21:31:10+05:30,2026-03-22T02:17:42+05:30,300,0
RCH_00992,CUST_0139,2025-12-12T00:10:19+05:30,2025-12-12T01:58:09+05:30,300,0
RCH_01131,CUST_0025,2026-03-22T18:46:34+05:30,2026-03-22T23:49:39+05:30,200,0
RCH_00188,CUST_0053,2026-02-24T08:52:38+05:30,2026-02-24T12:11:04+05:30,500,0
RCH_00631,CUST_0013,2025-12-05T16:34:26+05:30,2025-12-05T20:30:43+05:30,200,0
RCH_00467,CUST_0140,2026-02-26T07:25:21+05:30,2026-02-26T12:02:21+05:30,100,0
RCH_00587,CUST_0026,2026-02-21T18:29:10+05:30,2026-02-21T23:25:26+05:30,500,0
RCH_00121,CUST_0035,2026-03-07T01:13:01+05:30,2026-03-07T05:41:52+05:30,200,0
RCH_00012,CUST_0005,2026-02-26T11:23:27+05:30,2026-02-26T16:29:54+05:30,200,0
RCH_01133,CUST_0026,2026-04-05T09:33:45+05:30,2026-04-05T12:37:02+05:30,500,0
RCH_00576,CUST_0018,2026-02-28T09:20:33+05:30,2026-02-28T13:27:34+05:30,200,0
RCH_01235,CUST_0124,2026-03-17T13:09:59+05:30,2026-03-17T16:56:59+05:30,500,0
RCH_01446,CUST_0076,2026-03-07T12:06:21+05:30,2026-03-07T16:24:47+05:30,0,0
RCH_00420,CUST_0127,2026-03-08T05:13:28+05:30,2026-03-08T10:43:03+05:30,50,0
RCH_01344,CUST_0021,2026-02-06T14:41:36+05:30,2026-02-06T16:26:41+05:30,-1000,1
RCH_00616,CUST_0006,2025-12-18T20:49:59+05:30,2025-12-18T23:36:51+05:30,300,0
RCH_00571,CUST_0001,2026-03-01T10:44:27+05:30,2026-03-01T15:30:29+05:30,1000,0
RCH_00600,CUST_0001,2025-12-16T09:53:12+05:30,2025-12-16T13:25:24+05:30,50,0
RCH_00328,CUST_0101,2026-02-23T15:05:34+05:30,2026-02-23T18:06:14+05:30,100,0
RCH_00104,CUST_0029,2026-03-22T07:19:52+05:30,2026-03-22T11:41:15+05:30,300,0
RCH_00248,CUST_0080,2026-02-23T17:17:42+05:30,2026-02-23T20:55:55+05:30,1000,0
RCH_01279,CUST_0022,2026-04-05T12:50:27+05:30,2026-04-05T17:54:45+05:30,500,0
RCH_01435,CUST_0061,2026-02-23T15:32:03+05:30,2026-02-23T18:46:05+05:30,1000,0
RCH_00148,CUST_0041,2026-03-19T02:47:50+05:30,2026-03-19T03:49:25+05:30,500,0
RCH_00136,CUST_0039,2026-03-15T00:35:24+05:30,2026-03-15T02:36:03+05:30,200,0
RCH_00764,CUST_0058,2025-12-19T15:21:47+05:30,2025-12-19T17:17:38+05:30,500,0
RCH_00690,CUST_0031,2025-11-25T16:10:59+05:30,2025-11-25T20:16:00+05:30,100,0
RCH_00270,CUST_0084,2026-02-24T01:02:28+05:30,2026-02-24T03:45:49+05:30,200,0
RCH_00054,CUST_0015,2026-03-02T16:24:30+05:30,2026-03-02T19:54:44+05:30,50,0
RCH_01236,CUST_0125,2026-04-09T10:37:39+05:30,2026-04-09T10:54:02+05:30,500,0
RCH_01438,CUST_0019,2026-02-22T16:15:37+05:30,2026-02-22T17:38:43+05:30,500,0
RCH_01300,CUST_0008,2026-03-29T15:37:18+05:30,2026-03-29T17:21:07+05:30,-100,1
RCH_01389,CUST_0044,2026-03-15T22:07:12+05:30,2026-03-19T06:12:36+05:30,1000,0
RCH_00416,CUST_0126,2026-02-27T04:36:20+05:30,2026-02-27T07:21:54+05:30,100,0
RCH_00374,CUST_0113,2026-02-26T18:34:17+05:30,2026-02-26T22:22:41+05:30,300,0
RCH_00489,CUST_0045,2026-02-20T14:54:25+05:30,2026-02-20T20:39:08+05:30,1000,0
RCH_01092,CUST_0006,2025-11-16T01:43:22+05:30,2025-11-16T06:46:43+05:30,50,0
RCH_00930,CUST_0118,2025-12-05T01:08:18+05:30,2025-12-05T02:29:34+05:30,50,0
RCH_00179,CUST_0051,2026-02-25T17:41:04+05:30,2026-02-25T21:26:34+05:30,500,0
RCH_00902,CUST_0107,2026-02-16T15:14:08+05:30,2026-02-16T19:39:21+05:30,100,0
RCH_00471,CUST_0008,2026-02-12T10:42:50+05:30,2026-02-12T11:01:17+05:30,500,0
RCH_01267,CUST_0017,2026-03-08T16:19:39+05:30,2026-03-08T18:07:42+05:30,500,0
RCH_00033,CUST_0010,2026-03-08T08:21:56+05:30,2026-03-08T13:56:20+05:30,50,0
RCH_00048,CUST_0014,2026-02-14T12:54:53+05:30,2026-02-14T13:48:33+05:30,100,0
RCH_01067,CUST_0006,2025-12-22T09:45:12+05:30,2025-12-22T14:15:17+05:30,50,0
RCH_00363,CUST_0111,2026-02-07T22:38:28+05:30,2026-02-07T23:19:48+05:30,1000,0
RCH_00144,CUST_0040,2026-03-06T08:28:30+05:30,2026-03-06T10:56:28+05:30,500,0
RCH_00548,CUST_0006,2026-02-23T12:07:35+05:30,2026-02-23T15:52:55+05:30,50,0
RCH_00303,CUST_0095,2026-03-07T20:42:41+05:30,2026-03-07T22:14:53+05:30,500,0
RCH_01049,CUST_0054,2025-12-16T04:57:33+05:30,2025-12-16T10:38:31+05:30,1000,0
RCH_01213,CUST_0107,2026-04-05T22:24:50+05:30,2026-04-06T01:13:18+05:30,500,0
RCH_00068,CUST_0017,2026-02-16T05:02:48+05:30,2026-02-16T06:35:44+05:30,50,0
RCH_01280,CUST_0022,2026-04-06T14:46:56+05:30,2026-04-06T16:35:22+05:30,1000,0
RCH_01254,CUST_0017,2026-03-25T08:58:15+05:30,2026-03-25T10:14:13+05:30,200,0
RCH_00166,CUST_0046,2026-02-22T20:17:42+05:30,2026-02-22T23:05:12+05:30,500,0
RCH_00219,CUST_0067,2026-03-15T06:19:52+05:30,2026-03-15T09:28:27+05:30,100,0
RCH_01337,CUST_0129,2026-02-09T00:34:46+05:30,2026-02-09T04:38:10+05:30,-100,1
RCH_00122,CUST_0035,2026-03-05T02:30:20+05:30,2026-03-05T03:46:58+05:30,200,0
RCH_00337,CUST_0105,2026-03-01T20:40:48+05:30,2026-03-02T01:00:59+05:30,100,0
RCH_01127,CUST_0023,2026-04-09T15:13:02+05:30,2026-04-09T20:41:27+05:30,100,0
RCH_00919,CUST_0112,2025-12-05T10:33:02+05:30,2025-12-05T11:06:40+05:30,200,0
RCH_01011,CUST_0021,2025-11-16T11:23:47+05:30,2025-11-16T12:21:28+05:30,500,0
RCH_00746,CUST_0051,2025-11-27T08:41:23+05:30,2025-11-27T10:41:00+05:30,1000,0
RCH_00259,CUST_0082,2026-03-01T01:27:06+05:30,2026-03-01T04:40:40+05:30,500,0
RCH_01161,CUST_0055,2026-04-07T06:04:38+05:30,2026-04-07T06:36:26+05:30,200,0
RCH_00655,CUST_0022,2025-12-31T14:45:23+05:30,2025-12-31T16:40:45+05:30,500,0
RCH_00907,CUST_0108,2026-01-05T12:47:27+05:30,2026-01-05T14:52:18+05:30,200,0
RCH_01433,CUST_0132,2026-03-01T11:21:22+05:30,2026-03-01T15:16:01+05:30,500,0
RCH_01171,CUST_0068,2026-03-16T19:30:10+05:30,2026-03-16T22:44:28+05:30,100,0
RCH_01264,CUST_0019,2026-04-02T07:33:37+05:30,2026-04-02T12:59:18+05:30,200,0
RCH_01119,CUST_0013,2026-04-05T14:19:22+05:30,2026-04-05T19:04:22+05:30,100,0
RCH_00412,CUST_0122,2026-03-19T07:06:53+05:30,2026-03-19T12:46:36+05:30,300,0
RCH_00617,CUST_0007,2026-02-13T21:51:38+05:30,2026-02-14T02:09:55+05:30,200,0
RCH_00633,CUST_0014,2025-11-26T09:52:03+05:30,2025-11-26T14:56:13+05:30,200,0
RCH_00561,CUST_0003,2026-03-14T09:06:05+05:30,2026-03-14T14:22:42+05:30,500,0
RCH_00276,CUST_0087,2026-02-13T05:51:52+05:30,2026-02-13T11:19:52+05:30,500,0
RCH_00228,CUST_0070,2026-03-26T17:07:25+05:30,2026-03-26T17:56:33+05:30,100,0
RCH_01263,CUST_0019,2026-03-30T12:32:38+05:30,2026-03-30T18:06:11+05:30,200,0
RCH_00990,CUST_0139,2026-02-13T01:55:22+05:30,2026-02-13T03:44:25+05:30,1000,0
RCH_00275,CUST_0087,2026-02-27T10:01:30+05:30,2026-02-27T14:30:25+05:30,50,0
RCH_01095,CUST_0026,2026-01-07T16:32:22+05:30,2026-01-07T17:31:03+05:30,200,0
RCH_01128,CUST_0024,2026-03-23T13:34:49+05:30,2026-03-23T13:57:17+05:30,200,0
RCH_01464,CUST_0026,2026-03-10T00:25:55+05:30,2026-03-10T03:29:43+05:30,-50,0
RCH_00644,CUST_0019,2025-12-13T01:11:56+05:30,2025-12-13T04:10:46+05:30,200,0
RCH_01044,CUST_0016,2026-02-10T12:56:46+05:30,2026-02-10T14:02:19+05:30,500,0
RCH_01349,CUST_0054,2026-03-15T14:14:14+05:30,2026-03-15T15:04:39+05:30,-100,1
RCH_00352,CUST_0108,2026-03-10T21:38:05+05:30,2026-03-11T00:51:48+05:30,100,0
RCH_01256,CUST_0005,2026-03-26T10:40:43+05:30,2026-03-26T11:12:49+05:30,300,0
RCH_00279,CUST_0088,2026-02-26T03:16:10+05:30,2026-02-26T04:58:35+05:30,100,0
RCH_01028,CUST_0059,2026-01-07T14:23:04+05:30,2026-01-07T20:07:14+05:30,500,0
RCH_01321,CUST_0085,2026-03-09T02:36:52+05:30,2026-03-09T03:39:17+05:30,-200,1
RCH_01422,CUST_0044,2026-03-17T07:51:58+05:30,2026-03-17T13:30:35+05:30,100,0
RCH_00382,CUST_0114,2026-03-17T20:13:54+05:30,2026-03-17T21:14:51+05:30,100,0
RCH_00358,CUST_0109,2026-03-06T12:18:30+05:30,2026-03-06T13:12:50+05:30,100,0
RCH_01322,CUST_0086,2026-02-17T08:48:35+05:30,2026-02-17T12:08:50+05:30,-100,1
RCH_00139,CUST_0039,2026-02-28T23:50:26+05:30,2026-03-01T00:56:13+05:30,1000,0
RCH_00355,CUST_0109,2026-03-12T14:47:37+05:30,2026-03-12T17:23:09+05:30,100,0
RCH_01110,CUST_0005,2026-03-28T10:17:20+05:30,2026-03-28T12:45:22+05:30,300,0
RCH_01428,CUST_0081,2026-03-07T10:10:36+05:30,2026-03-07T14:25:13+05:30,100,0
RCH_00968,CUST_0130,2026-02-11T00:55:34+05:30,2026-02-11T05:58:05+05:30,100,0
RCH_01118,CUST_0013,2026-04-04T16:57:53+05:30,2026-04-04T21:59:31+05:30,50,0
RCH_01018,CUST_0017,2025-12-08T09:30:27+05:30,2025-12-08T10:30:44+05:30,200,0
RCH_00087,CUST_0024,2026-02-04T03:29:02+05:30,2026-02-04T04:30:25+05:30,50,0
RCH_01384,CUST_0027,2026-03-02T07:18:01+05:30,2026-03-06T03:11:30+05:30,200,0
RCH_00823,CUST_0078,2026-01-06T09:10:06+05:30,2026-01-06T12:23:18+05:30,200,0
RCH_01398,CUST_0001,2026-03-14T02:03:50+05:30,2026-03-17T16:56:16+05:30,500,0
RCH_00657,CUST_0022,2026-01-28T04:34:04+05:30,2026-01-28T06:45:34+05:30,50,0
RCH_00450,CUST_0135,2026-03-23T12:24:11+05:30,2026-03-23T14:58:42+05:30,500,0
RCH_00772,CUST_0062,2026-01-31T08:57:07+05:30,2026-01-31T14:09:46+05:30,200,0
RCH_00059,CUST_0016,2026-03-01T11:14:21+05:30,2026-03-01T16:38:26+05:30,500,0
RCH_00120,CUST_0034,2026-02-27T22:05:17+05:30,2026-02-27T23:59:34+05:30,200,0
RCH_00768,CUST_0060,2026-02-02T21:48:56+05:30,2026-02-03T03:04:25+05:30,200,0
RCH_00338,CUST_0105,2026-02-18T07:31:09+05:30,2026-02-18T11:24:04+05:30,50,0
RCH_00937,CUST_0120,2026-01-27T06:24:33+05:30,2026-01-27T12:10:57+05:30,1000,0
RCH_00353,CUST_0109,2026-03-09T16:33:47+05:30,2026-03-09T22:05:28+05:30,500,0
RCH_00477,CUST_0049,2026-02-25T21:41:15+05:30,2026-02-25T22:44:17+05:30,300,0
RCH_00530,CUST_0042,2026-02-24T08:01:23+05:30,2026-02-24T13:49:02+05:30,500,0
RCH_00832,CUST_0082,2026-01-12T20:40:05+05:30,2026-01-12T21:06:37+05:30,200,0
RCH_00739,CUST_0047,2026-01-27T15:04:18+05:30,2026-01-27T17:06:35+05:30,300,0
RCH_00915,CUST_0111,2025-11-15T16:02:52+05:30,2025-11-15T22:02:13+05:30,500,0
RCH_01089,CUST_0033,2026-01-19T10:58:10+05:30,2026-01-19T15:11:09+05:30,200,0
RCH_01362,CUST_0115,2026-03-05T02:40:20+05:30,2026-03-07T15:24:35+05:30,500,0
RCH_00405,CUST_0121,2026-02-26T06:11:40+05:30,2026-02-26T11:26:40+05:30,500,0
RCH_01357,CUST_0021,2026-03-11T04:12:58+05:30,2026-03-13T17:14:33+05:30,300,0
RCH_00332,CUST_0104,2026-03-04T04:58:46+05:30,2026-03-04T07:37:46+05:30,1000,0
RCH_00008,CUST_0002,2026-02-20T10:37:10+05:30,2026-02-20T13:26:15+05:30,50,0
RCH_00824,CUST_0079,2025-12-28T17:47:28+05:30,2025-12-28T19:57:50+05:30,500,0
RCH_00456,CUST_0135,2026-03-02T05:44:07+05:30,2026-03-02T10:57:19+05:30,300,0
RCH_00740,CUST_0048,2026-01-01T05:42:59+05:30,2026-01-01T10:02:06+05:30,300,0
RCH_00047,CUST_0014,2026-02-14T21:58:20+05:30,2026-02-14T23:55:02+05:30,1000,0
RCH_00855,CUST_0091,2026-01-13T09:55:45+05:30,2026-01-13T15:16:01+05:30,50,0
RCH_00331,CUST_0103,2026-03-11T13:24:13+05:30,2026-03-11T16:39:07+05:30,200,0
RCH_00694,CUST_0032,2025-11-22T05:57:35+05:30,2025-11-22T06:21:55+05:30,100,0
RCH_00234,CUST_0072,2026-03-10T16:05:49+05:30,2026-03-10T17:29:25+05:30,100,0
RCH_01381,CUST_0011,2026-03-03T09:43:40+05:30,2026-03-08T19:55:26+05:30,1000,0
RCH_00673,CUST_0026,2026-01-02T23:02:37+05:30,2026-01-03T03:44:18+05:30,100,0
RCH_00282,CUST_0088,2026-02-13T22:05:47+05:30,2026-02-14T01:05:47+05:30,50,0
RCH_00671,CUST_0026,2026-02-12T23:36:43+05:30,2026-02-13T04:37:37+05:30,500,0
RCH_01315,CUST_0055,2026-02-23T12:32:08+05:30,2026-02-23T15:34:13+05:30,-200,1
RCH_01090,CUST_0006,2026-01-02T00:27:15+05:30,2026-01-02T06:21:36+05:30,200,0
RCH_01345,CUST_0001,2026-02-28T07:05:32+05:30,2026-02-28T11:20:19+05:30,-500,1
RCH_00750,CUST_0052,2026-02-14T21:52:49+05:30,2026-02-15T01:43:41+05:30,500,0
RCH_00235,CUST_0075,2026-02-20T23:06:18+05:30,2026-02-21T02:58:04+05:30,200,0
RCH_00757,CUST_0056,2025-11-29T13:56:59+05:30,2025-11-29T16:24:22+05:30,200,0
RCH_01266,CUST_0018,2026-03-30T23:37:35+05:30,2026-03-31T04:29:10+05:30,500,0
RCH_00173,CUST_0047,2026-02-10T14:14:37+05:30,2026-02-10T18:59:32+05:30,50,0
RCH_00582,CUST_0006,2026-03-07T16:16:00+05:30,2026-03-07T20:35:19+05:30,100,0
RCH_00562,CUST_0022,2026-03-25T03:04:50+05:30,2026-03-25T04:15:58+05:30,500,0
RCH_01154,CUST_0049,2026-03-12T20:13:05+05:30,2026-03-13T02:12:57+05:30,500,0
RCH_01146,CUST_0040,2026-04-07T15:12:14+05:30,2026-04-07T16:14:42+05:30,300,0
RCH_01260,CUST_0059,2026-03-24T09:59:41+05:30,2026-03-24T14:33:26+05:30,50,0
RCH_01233,CUST_0123,2026-04-13T18:30:07+05:30,2026-04-14T00:13:25+05:30,300,0
RCH_00688,CUST_0030,2025-12-12T01:33:42+05:30,2025-12-12T04:35:32+05:30,100,0
RCH_00733,CUST_0044,2025-12-29T23:05:45+05:30,2025-12-30T04:22:24+05:30,300,0
RCH_00794,CUST_0070,2026-01-20T03:58:22+05:30,2026-01-20T06:01:07+05:30,500,0
RCH_00452,CUST_0135,2026-03-20T17:05:29+05:30,2026-03-20T22:06:53+05:30,300,0
RCH_00430,CUST_0130,2026-03-09T02:36:28+05:30,2026-03-09T03:46:51+05:30,500,0
RCH_01109,CUST_0003,2026-03-25T16:51:00+05:30,2026-03-25T18:04:21+05:30,500,0
RCH_00595,CUST_0055,2026-02-15T18:59:25+05:30,2026-02-15T19:25:30+05:30,50,0
